apple_music_id,edma_key,edma_strength,edmm_key,edmm_strength,bgate_key,bgate_strength,shaath_key,shaath_strength,braw_key,braw_strength,temperley_key,temperley_strength,noland_key,noland_strength
-9175606036320139693,Key 1d,0.9677,Key 10m,0.6807,Key 1d,0.9757,Key 1d,0.9831,Key 1d,0.992,Key 1d,0.872,Key 1d,0.8116
-9118675462301238593,Key 2d,0.8162,Key 2m,0.8467,Key 2d,0.9092,Key 2d,0.8848,Key 2d,0.8787,Key 2d,0.8607,Key 2d,0.9136
-9066100329033146223,Key 2m,0.7952,Key 2m,0.8311,Key 1m,0.8327,Key 2m,0.7917,Key 1m,0.8065,Key 2d,0.708,Key 2d,0.8699
-8995335096116301045,Key 3d,0.7332,Key 3m,0.7453,Key 3d,0.7838,Key 3d,0.8225,Key 3d,0.7665,Key 3d,0.7801,Key 3d,0.6797
-8947638436345153808,Key 4m,0.5956,Key 4m,0.5814,Key 3d,0.5707,Key 4m,0.6441,Key 4m,0.559,Key 3d,0.649,Key 3d,0.5789
-8946897961646146718,Key 4d,0.8608,Key 4m,0.7107,Key 4d,0.8796,Key 4d,0.893,Key 4d,0.8531,Key 3d,0.879,Key 3d,0.8898
-8932389081613842858,Key 7d,0.7589,Key 8m,0.7641,Key 7d,0.8555,Key 8m,0.8402,Key 7d,0.8471,Key 7d,0.8643,Key 7d,0.8739
-8798203659117990838,Key 11m,0.7585,Key 11m,0.783,Key 11d,0.8023,Key 12d,0.7752,Key 11d,0.7391,Key 11d,0.8388,Key 11d,0.9009
-8772676235962720807,Key 1m,0.8471,Key 1m,0.8597,Key 1m,0.8197,Key 1m,0.8983,Key 1m,0.7575,Key 12d,0.7874,Key 12d,0.8966
-8750403833602209037,Key 1m,0.8098,Key 1m,0.8089,Key 1m,0.7814,Key 1m,0.7777,Key 1m,0.7629,Key 1m,0.7054,Key 1m,0.6927
-8664586770562840099,Key 11m,0.7893,Key 11m,0.7816,Key 11m,0.7594,Key 11m,0.7516,Key 11m,0.7661,Key 11m,0.6356,Key 11m,0.7891
-8657101418717907301,Key 10m,0.8334,Key 10m,0.8099,Key 10m,0.8222,Key 1d,0.7317,Key 10m,0.8553,Key 10m,0.6143,Key 10m,0.8726
-8656412931983252698,Key 8m,0.8626,Key 8m,0.8759,Key 8m,0.9078,Key 8m,0.8545,Key 8m,0.8063,Key 8d,0.8569,Key 8m,0.9404
-8653438490928766201,Key 5m,0.9472,Key 5m,0.9077,Key 5m,0.9167,Key 8d,0.8316,Key 5m,0.9751,Key 5m,0.6435,Key 5m,0.8451
-8522800380129336674,Key 6m,0.83,Key 6m,0.836,Key 6m,0.8727,Key 6m,0.8594,Key 6m,0.7695,Key 6d,0.7831,Key 6m,0.8312
-8521435469734567500,Key 10m,0.4574,Key 11m,0.4475,Key 9m,0.4539,Key 11m,0.4446,Key 10m,0.4883,Key 9m,0.466,Key 9m,0.5216
-8495594148151683127,Key 7m,0.8716,Key 7m,0.8409,Key 7m,0.8871,Key 8m,0.7727,Key 7m,0.8722,Key 7d,0.6305,Key 7m,0.8986
-8485693534024804116,Key 11m,0.8498,Key 11m,0.8579,Key 11m,0.7997,Key 11m,0.8381,Key 11m,0.839,Key 11m,0.7094,Key 11m,0.637
-8436076418618788922,Key 12d,0.9172,Key 9m,0.7257,Key 12d,0.9,Key 12d,0.8854,Key 12d,0.9369,Key 12d,0.7642,Key 12d,0.7259
-8356137033194206961,Key 11m,0.9644,Key 11m,0.9615,Key 11m,0.9191,Key 11m,0.9613,Key 11m,0.9389,Key 11m,0.645,Key 11m,0.7662
-8287164466494660950,Key 11m,0.8369,Key 11m,0.8347,Key 11m,0.8697,Key 12m,0.7742,Key 11m,0.8372,Key 12m,0.7627,Key 11m,0.8834
-8177101682543646260,Key 9m,0.7159,Key 9m,0.7101,Key 9m,0.7506,Key 9m,0.7514,Key 9m,0.6485,Key 9m,0.7688,Key 9m,0.6985
-8172646936676085917,Key 10d,0.8329,Key 10m,0.7609,Key 10d,0.8908,Key 10d,0.9133,Key 10d,0.8679,Key 10d,0.9244,Key 10d,0.9
-8110752823043040817,Key 2m,0.869,Key 2m,0.8522,Key 2m,0.8001,Key 2m,0.8719,Key 2m,0.819,Key 1d,0.8294,Key 1d,0.7591
-8094045188639699378,Key 10m,0.8538,Key 10m,0.8213,Key 10m,0.9009,Key 11m,0.7631,Key 10m,0.8455,Key 11d,0.6595,Key 10m,0.8792
-8062943470044357536,Key 11m,0.9038,Key 11m,0.8846,Key 11m,0.9478,Key 11m,0.8479,Key 11m,0.8904,Key 11m,0.758,Key 11m,0.9166
-8049804077952224210,Key 3d,0.8185,Key 3m,0.5738,Key 3d,0.8472,Key 3d,0.8902,Key 3d,0.8025,Key 3d,0.9219,Key 3d,0.8105
-8025170460042274911,Key 3d,0.7519,Key 3m,0.7701,Key 3d,0.8573,Key 3d,0.8845,Key 3d,0.8052,Key 3d,0.958,Key 3d,0.9397
-8007705447946019559,Key 1m,0.9015,Key 1m,0.9081,Key 1m,0.9462,Key 1m,0.8511,Key 1m,0.8577,Key 1m,0.7252,Key 1m,0.9519
-7932190805340001703,Key 10m,0.9793,Key 10m,0.9635,Key 10m,0.9461,Key 10m,0.9009,Key 10m,0.9626,Key 10m,0.7426,Key 10m,0.8816
-7910291475826423363,Key 1m,0.8947,Key 1m,0.8966,Key 1m,0.9024,Key 1m,0.9246,Key 1m,0.8146,Key 12d,0.7717,Key 12m,0.8611
-7897769894432822049,Key 1d,0.8313,Key 11m,0.7114,Key 1d,0.8266,Key 1d,0.7892,Key 1d,0.8205,Key 12d,0.6953,Key 12d,0.8569
-7889535770978044983,Key 5m,0.7943,Key 5m,0.792,Key 5m,0.7917,Key 5m,0.8239,Key 5m,0.7269,Key 5m,0.8535,Key 4m,0.7097
-7887756810012917482,Key 6m,0.8408,Key 6m,0.813,Key 6m,0.8166,Key 6m,0.8035,Key 6m,0.8042,Key 6m,0.7355,Key 5m,0.7699
-7876756274182519337,Key 6m,0.8878,Key 6m,0.9017,Key 6m,0.8992,Key 6m,0.8981,Key 6m,0.81,Key 6d,0.8291,Key 6d,0.907
-7866822820757298239,Key 2m,0.5152,Key 2m,0.5139,Key 2m,0.5172,Key 2m,0.5726,Key 6d,0.5213,Key 2m,0.6116,Key 2m,0.4149
-7813685390896959341,Key 4m,0.7849,Key 4m,0.7291,Key 4m,0.7822,Key 4m,0.6846,Key 4m,0.7666,Key 3d,0.6528,Key 3m,0.7767
-7643480643167111830,Key 7m,0.9013,Key 7m,0.9133,Key 7m,0.8969,Key 7m,0.9082,Key 7m,0.8161,Key 7d,0.7973,Key 6m,0.9094
-7621711716752501346,Key 10d,0.9251,Key 10m,0.6545,Key 10d,0.9551,Key 10d,0.965,Key 10d,0.9523,Key 10d,0.9272,Key 10d,0.9025
-7612830126033085477,Key 10m,0.794,Key 10m,0.7533,Key 10m,0.7327,Key 1d,0.7361,Key 10m,0.8265,Key 1d,0.5061,Key 9m,0.5215
-7558042711820865805,Key 4m,0.8867,Key 4m,0.9062,Key 4m,0.8852,Key 4m,0.889,Key 4m,0.8069,Key 4d,0.7264,Key 3m,0.8788
-7327094503829530315,Key 10m,0.8847,Key 10m,0.9033,Key 10m,0.8989,Key 10m,0.8743,Key 10m,0.8166,Key 10d,0.861,Key 10m,0.9472
-7229582590791078386,Key 9m,0.9135,Key 9m,0.9426,Key 9m,0.8768,Key 9m,0.969,Key 9m,0.8279,Key 8d,0.7622,Key 9m,0.8109
-7218034917291448282,Key 8m,0.8372,Key 8m,0.8599,Key 8m,0.836,Key 8m,0.8773,Key 7m,0.7665,Key 7d,0.7729,Key 7m,0.9025
-7169012602955485702,Key 6m,0.9681,Key 6m,0.9248,Key 6m,0.9355,Key 6m,0.8653,Key 6m,0.9805,Key 6m,0.567,Key 6m,0.7925
-7162002396809533115,Key 9m,0.8144,Key 9m,0.8131,Key 9m,0.8733,Key 9m,0.7974,Key 9m,0.7539,Key 9d,0.7736,Key 9m,0.893
-7103716141534782741,Key 8m,0.9428,Key 8m,0.9506,Key 8m,0.9222,Key 8m,0.9447,Key 8m,0.879,Key 7d,0.716,Key 8m,0.8353
-7073656316195896404,Key 11m,0.8876,Key 11m,0.8898,Key 11m,0.8771,Key 11m,0.9186,Key 11m,0.8094,Key 10d,0.8055,Key 10d,0.8412
-7045974142339870800,Key 9m,0.8567,Key 9m,0.8453,Key 9m,0.8562,Key 9m,0.7692,Key 9m,0.8237,Key 9d,0.6542,Key 9m,0.8654
-7045003514904937601,Key 11m,0.7456,Key 11m,0.7799,Key 11m,0.7235,Key 11m,0.7713,Key 11m,0.7094,Key 12d,0.6215,Key 11m,0.7907
-7042832767914413345,Key 9m,0.9673,Key 9m,0.9621,Key 9m,0.9875,Key 9m,0.923,Key 9m,0.9399,Key 9m,0.751,Key 9m,0.9264
-7038306849621541798,Key 3d,0.8383,Key 4m,0.6777,Key 3d,0.8646,Key 3d,0.8427,Key 3d,0.8643,Key 3d,0.7886,Key 3d,0.7692
-7019647520990268180,Key 10m,0.9467,Key 10m,0.9685,Key 10m,0.9033,Key 10m,0.9757,Key 10m,0.8775,Key 10m,0.7309,Key 10m,0.8105
-7000527628269374892,Key 11m,0.8773,Key 11m,0.9105,Key 11m,0.85,Key 11m,0.9328,Key 11m,0.7691,Key 10d,0.7906,Key 10d,0.8809
-6948314719302007257,Key 1m,0.9597,Key 1m,0.9599,Key 1m,0.9408,Key 1m,0.9236,Key 1m,0.9252,Key 1m,0.7364,Key 1m,0.8822
-6780857778541227049,Key 12m,0.7988,Key 12m,0.8567,Key 12m,0.8076,Key 12m,0.8895,Key 12d,0.7485,Key 12d,0.895,Key 12d,0.8057
-6601070336429445998,Key 1m,0.9837,Key 1m,0.9749,Key 1m,0.9505,Key 1m,0.9413,Key 1m,0.9604,Key 1m,0.7359,Key 1m,0.8679
-6538356273024525486,Key 2d,0.5772,Key 12m,0.6058,Key 12d,0.6425,Key 12d,0.6579,Key 12d,0.6242,Key 1d,0.7987,Key 12m,0.793
-6509301989536146088,Key 8m,0.8698,Key 8m,0.8185,Key 8m,0.8367,Key 8m,0.7714,Key 8m,0.8537,Key 7d,0.6649,Key 7m,0.8535
-6326260578464213578,Key 1m,0.802,Key 1m,0.8573,Key 1d,0.8655,Key 1m,0.8898,Key 1d,0.8372,Key 1d,0.8709,Key 1d,0.9222
-6313808189294049841,Key 2m,0.9319,Key 2m,0.9038,Key 2m,0.8507,Key 2m,0.8528,Key 2m,0.9422,Key 2m,0.6201,Key 2m,0.6982
-6312135998724742938,Key 10m,0.9647,Key 10m,0.9827,Key 10m,0.9498,Key 10m,0.9567,Key 10m,0.9033,Key 10m,0.7687,Key 10m,0.9107
-6311773487798049096,Key 1m,0.9513,Key 1m,0.9346,Key 1m,0.9649,Key 1m,0.8821,Key 1m,0.9237,Key 1d,0.6909,Key 1m,0.9277
-6204130390970428356,Key 3d,0.8573,Key 3m,0.7532,Key 3d,0.8879,Key 3d,0.9359,Key 3d,0.867,Key 3d,0.9121,Key 3d,0.8179
-6180365792673407642,Key 5m,0.8716,Key 5m,0.917,Key 5m,0.8801,Key 5m,0.9363,Key 5m,0.7759,Key 5d,0.8649,Key 5m,0.8682
-6166835003213293459,Key 9m,0.8643,Key 9m,0.8244,Key 9m,0.8275,Key 12d,0.8152,Key 9m,0.8949,Key 9m,0.6734,Key 9m,0.6884
-6147459347040690172,Key 5d,0.8968,Key 2m,0.6471,Key 5d,0.8848,Key 5d,0.9018,Key 5d,0.9292,Key 5d,0.7962,Key 5d,0.7103
-6143927384510919132,Key 9m,0.9795,Key 9m,0.9474,Key 9m,0.9768,Key 9m,0.8884,Key 9m,0.9731,Key 9m,0.6548,Key 9m,0.8702
-6133243689842933306,Key 9d,0.8171,Key 6m,0.7263,Key 9d,0.7498,Key 9d,0.8028,Key 6m,0.8358,Key 9d,0.6148,Key 6m,0.5163
-5973222944494341940,Key 1d,0.924,Key 10m,0.629,Key 1d,0.9405,Key 1d,0.9621,Key 1d,0.9255,Key 1d,0.9178,Key 1d,0.8577
-5858397837668005710,Key 10m,0.9608,Key 10m,0.9488,Key 10m,0.9361,Key 10m,0.8968,Key 10m,0.9264,Key 10m,0.7641,Key 10m,0.8973
-5763333568490936263,Key 7m,0.7553,Key 7m,0.824,Key 7d,0.8272,Key 7m,0.8317,Key 7d,0.8277,Key 7d,0.7833,Key 7d,0.837
-5760345974743762960,Key 3m,0.9059,Key 3m,0.8857,Key 3m,0.8249,Key 3m,0.8793,Key 3m,0.8911,Key 2d,0.6156,Key 2d,0.6584
-5712578845468405155,Key 1m,0.823,Key 1m,0.8237,Key 12m,0.7817,Key 1m,0.8531,Key 1m,0.7409,Key 12d,0.8752,Key 12d,0.8436
-5639804195476274594,Key 12m,0.8292,Key 12m,0.8279,Key 12m,0.8405,Key 12m,0.7547,Key 12m,0.7845,Key 12d,0.6854,Key 11m,0.8768
-5341903002434053685,Key 11m,0.5152,Key 10m,0.4521,Key 10m,0.4588,Key 9d,0.5,Key 11m,0.5639,Key 9d,0.5861,Key 10m,0.4942
-5307417430491785433,Key 7m,0.8328,Key 7m,0.7951,Key 7m,0.8085,Key 7m,0.7514,Key 7m,0.812,Key 6d,0.5361,Key 6m,0.7876
-5241284092570830449,Key 3m,0.755,Key 3m,0.8286,Key 3d,0.7807,Key 3m,0.8628,Key 3d,0.7686,Key 2d,0.6985,Key 2d,0.7557
-5239555972180813200,Key 3d,0.794,Key 3m,0.7104,Key 3d,0.8733,Key 3d,0.8469,Key 3d,0.8292,Key 3d,0.8432,Key 3d,0.9054
-5225462014731157303,Key 11m,0.7749,Key 11m,0.7935,Key 11m,0.8271,Key 11m,0.7659,Key 11m,0.7639,Key 12m,0.7131,Key 11m,0.8454
-5031497434915735480,Key 11m,0.8801,Key 11m,0.8885,Key 11m,0.8949,Key 11m,0.824,Key 11m,0.8595,Key 11d,0.7155,Key 11m,0.934
-5017383197214221551,Key 1d,0.7758,Key 10m,0.5744,Key 1d,0.7966,Key 1d,0.8308,Key 1d,0.8261,Key 1d,0.7522,Key 1d,0.6535
-4907764437845027756,Key 12m,0.9117,Key 12m,0.8701,Key 12m,0.9021,Key 12m,0.7823,Key 12m,0.9385,Key 12m,0.5957,Key 12m,0.8297
-4906264432296496955,Key 6d,0.8237,Key 6m,0.8129,Key 6d,0.9196,Key 6d,0.9191,Key 6d,0.8937,Key 6d,0.9319,Key 6d,0.9549
-4881695016634322802,Key 3d,0.8171,Key 4m,0.6709,Key 3d,0.8828,Key 3d,0.8631,Key 3d,0.8425,Key 3d,0.8472,Key 3d,0.8517
-4830955274663771791,Key 9m,0.8875,Key 9m,0.873,Key 9m,0.9086,Key 9m,0.7938,Key 9m,0.8683,Key 9m,0.7249,Key 9m,0.948
-4826219367881408504,Key 7d,0.796,Key 4m,0.5868,Key 7d,0.8062,Key 7d,0.8328,Key 7d,0.8475,Key 7d,0.7628,Key 7d,0.647
-4767386018031841554,Key 11m,0.8165,Key 11m,0.8671,Key 11m,0.7874,Key 11m,0.9439,Key 11d,0.7514,Key 10d,0.7834,Key 10d,0.8435
-4762315220583112348,Key 5m,0.8782,Key 5m,0.8947,Key 5m,0.892,Key 5m,0.886,Key 5m,0.7962,Key 5d,0.8705,Key 5d,0.9416
-4757175869218425655,Key 11m,0.7599,Key 11m,0.7692,Key 11m,0.8138,Key 11m,0.753,Key 12m,0.7161,Key 11d,0.8169,Key 11m,0.8778
-4716479231429679465,Key 7m,0.95,Key 7m,0.9533,Key 7m,0.9324,Key 7m,0.9132,Key 7m,0.912,Key 7d,0.7321,Key 7m,0.9322
-4702272871301271010,Key 1m,0.9079,Key 1m,0.9502,Key 1m,0.8776,Key 1m,0.9578,Key 1m,0.8539,Key 1m,0.7798,Key 1m,0.8337
-4675826633507940751,Key 3m,0.8788,Key 3m,0.8595,Key 3m,0.9107,Key 4m,0.815,Key 3m,0.8547,Key 3d,0.7568,Key 3m,0.9281
-4634309754428006905,Key 12d,0.8468,Key 1m,0.7067,Key 12d,0.8991,Key 12d,0.9117,Key 12d,0.8899,Key 12d,0.9201,Key 12d,0.8781
-4615044007882525770,Key 6m,0.8317,Key 6m,0.8245,Key 6m,0.7571,Key 6m,0.8316,Key 6m,0.7864,Key 5d,0.7575,Key 5m,0.7265
-4602658741407229115,Key 11m,0.8404,Key 11m,0.7804,Key 11m,0.8471,Key 1d,0.7493,Key 11m,0.85,Key 1d,0.6321,Key 10m,0.8678
-4543547373182138762,Key 11m,0.7732,Key 11m,0.7945,Key 12d,0.8374,Key 11m,0.7891,Key 12d,0.779,Key 11d,0.7493,Key 11d,0.8945
-4532063193446351037,Key 9m,0.8028,Key 9m,0.812,Key 9m,0.8141,Key 10m,0.7953,Key 9m,0.7542,Key 10d,0.8073,Key 9d,0.9051
-4514810799870081954,Key 11d,0.491,Key 7m,0.3728,Key 7m,0.4126,Key 11d,0.4965,Key 8m,0.5214,Key 6d,0.4823,Key 7m,0.3089
-4490884888249493357,Key 12d,0.8444,Key 9m,0.8203,Key 9m,0.8473,Key 9m,0.7412,Key 9m,0.8513,Key 10d,0.6648,Key 9m,0.9124
-4419493009642392774,Key 5m,0.851,Key 5m,0.8761,Key 5m,0.799,Key 5m,0.9099,Key 5m,0.7676,Key 4d,0.7685,Key 4d,0.7456
-4406654567064538384,Key 2d,0.9068,Key 11m,0.6287,Key 2d,0.9638,Key 2d,0.8974,Key 2d,0.9345,Key 2d,0.8038,Key 2d,0.85
-4336282834212606353,Key 12m,0.8816,Key 12m,0.898,Key 12m,0.8463,Key 12m,0.8897,Key 12m,0.8129,Key 12m,0.7338,Key 12m,0.7272
-4322958221686436468,Key 8m,0.9294,Key 8m,0.9557,Key 8m,0.9197,Key 8m,0.942,Key 8m,0.8814,Key 8d,0.6998,Key 8m,0.8812
-4182965008874585492,Key 6m,0.8572,Key 6m,0.8274,Key 6m,0.8385,Key 6m,0.8083,Key 6m,0.8301,Key 6m,0.7548,Key 5m,0.8378
-4137572374903282707,Key 1m,0.8297,Key 1m,0.8453,Key 1m,0.8443,Key 1m,0.8277,Key 2d,0.7645,Key 1d,0.7648,Key 1d,0.9004
-4131925009697991208,Key 1m,0.8974,Key 1m,0.9071,Key 1m,0.8937,Key 1m,0.9172,Key 1m,0.8166,Key 1m,0.8204,Key 1m,0.814
-3981647363363820848,Key 7m,0.8814,Key 7m,0.9306,Key 7m,0.8505,Key 7m,0.9169,Key 7m,0.7941,Key 7d,0.7794,Key 7d,0.8609
-3966674594763498788,Key 2m,0.8338,Key 2m,0.8023,Key 2m,0.7977,Key 2m,0.838,Key 2m,0.7764,Key 1d,0.7898,Key 1d,0.8698
-3938644933872790028,Key 11m,0.9063,Key 11m,0.9257,Key 11m,0.892,Key 11m,0.944,Key 11m,0.8246,Key 10d,0.7933,Key 11m,0.8548
-3891103229564186865,Key 2d,0.8697,Key 2m,0.7225,Key 2d,0.9275,Key 2d,0.8912,Key 2d,0.8969,Key 2d,0.8343,Key 1d,0.908
-3837287006816986723,Key 7m,0.8155,Key 7m,0.8381,Key 6m,0.8145,Key 7m,0.8694,Key 7d,0.732,Key 6d,0.8909,Key 6d,0.9404
-3763171521283954352,Key 7m,0.8555,Key 7m,0.9081,Key 7m,0.8105,Key 7m,0.9265,Key 7m,0.7685,Key 7d,0.7594,Key 7m,0.8123
-3647936603439099267,Key 3m,0.9328,Key 3m,0.9011,Key 3m,0.913,Key 3m,0.8433,Key 3m,0.9214,Key 3m,0.7539,Key 3m,0.8413
-3634902526328489924,Key 1m,0.8555,Key 1m,0.8917,Key 1m,0.8505,Key 1m,0.8909,Key 1m,0.7594,Key 1d,0.7961,Key 1d,0.8929
-3633688976129146947,Key 8m,0.7595,Key 8m,0.7868,Key 8m,0.7548,Key 8m,0.8078,Key 8m,0.6862,Key 8m,0.7569,Key 8m,0.7511
-3561008444983473345,Key 5d,0.849,Key 5m,0.8192,Key 5d,0.912,Key 5d,0.9239,Key 5d,0.8954,Key 5d,0.8929,Key 5d,0.8728
-3501161401597754148,Key 12d,0.8005,Key 10m,0.7637,Key 12d,0.828,Key 11d,0.7632,Key 12d,0.7833,Key 11d,0.8155,Key 11d,0.945
-3398639688651704755,Key 2d,0.9219,Key 11m,0.7697,Key 2d,0.8588,Key 2d,0.857,Key 2d,0.9154,Key 2d,0.6728,Key 11m,0.5892
-3393750211503317722,Key 10m,0.9229,Key 10m,0.8709,Key 10m,0.9141,Key 10m,0.8102,Key 10m,0.9328,Key 10m,0.7161,Key 10m,0.8069
-3297721473452111537,Key 11m,0.8801,Key 11m,0.8938,Key 11m,0.8468,Key 11m,0.933,Key 11m,0.8055,Key 10d,0.8217,Key 10d,0.7904
-3218205292483608353,Key 12d,0.9265,Key 9m,0.6721,Key 12d,0.9333,Key 12d,0.8963,Key 12d,0.9326,Key 12d,0.7988,Key 12d,0.8196
-3214879969226816571,Key 12m,0.93,Key 12m,0.8671,Key 12m,0.8904,Key 3d,0.8203,Key 12m,0.9772,Key 3d,0.5978,Key 12m,0.7352
-3099748341900849635,Key 8d,0.8299,Key 9m,0.6847,Key 8d,0.879,Key 8d,0.9263,Key 8d,0.8897,Key 8d,0.918,Key 8d,0.8863
-3050373675599917392,Key 8d,0.8,Key 5m,0.5078,Key 8d,0.8276,Key 8d,0.8144,Key 7d,0.7736,Key 7d,0.8024,Key 7d,0.7835
-3040537382935800585,Key 12m,0.8111,Key 12m,0.7735,Key 12m,0.8296,Key 12m,0.7467,Key 12m,0.7961,Key 12m,0.626,Key 12m,0.7627
-2940741819551681777,Key 8m,0.7834,Key 8m,0.8026,Key 8m,0.7843,Key 8m,0.8151,Key 8m,0.7189,Key 8m,0.7643,Key 8m,0.7804
-2812406574919176884,Key 6m,0.7725,Key 6m,0.8088,Key 7d,0.8258,Key 7d,0.8032,Key 7d,0.7649,Key 7d,0.8338,Key 6d,0.9025
-2686924156793753642,Key 4m,0.864,Key 4m,0.7928,Key 4m,0.8325,Key 4m,0.7646,Key 4m,0.8665,Key 3d,0.6842,Key 3m,0.7246
-2646715057851362949,Key 12m,0.9599,Key 12m,0.9699,Key 12m,0.9078,Key 12m,0.9817,Key 12m,0.9078,Key 11d,0.7065,Key 12m,0.787
-2617904593895345791,Key 2d,0.8003,Key 2m,0.7477,Key 2d,0.852,Key 2d,0.831,Key 2d,0.8288,Key 1d,0.7983,Key 1d,0.8644
-2593304312278865326,Key 12m,0.8615,Key 12m,0.8311,Key 12m,0.8614,Key 12m,0.7703,Key 12m,0.8198,Key 12d,0.6185,Key 11m,0.8898
-2591800170246551907,Key 6d,0.8048,Key 6m,0.6938,Key 5d,0.8359,Key 6d,0.8745,Key 5d,0.8522,Key 6d,0.8304,Key 5d,0.8492
-2542719024286316194,Key 4m,0.7983,Key 4m,0.8115,Key 4m,0.8426,Key 4m,0.8442,Key 4m,0.7186,Key 4d,0.8777,Key 4m,0.8677
-2511681517962179613,Key 2m,0.9632,Key 2m,0.9604,Key 2m,0.9452,Key 2m,0.9548,Key 2m,0.9077,Key 2d,0.7609,Key 2m,0.8921
-2365833958855992830,Key 12m,0.9482,Key 12m,0.9391,Key 12m,0.9017,Key 12m,0.9091,Key 12m,0.9029,Key 11d,0.7131,Key 11m,0.8287
-2352098017622447226,Key 5m,0.8671,Key 5m,0.8555,Key 4m,0.8179,Key 5m,0.8587,Key 5m,0.8046,Key 4d,0.8094,Key 4m,0.8307
-2325399072246630344,Key 4m,0.9154,Key 4m,0.9157,Key 4m,0.9116,Key 4m,0.8823,Key 4m,0.8537,Key 4d,0.6922,Key 4m,0.8214
-2285177982199502665,Key 9d,0.7157,Key 8m,0.7409,Key 8d,0.8317,Key 8d,0.8344,Key 8d,0.7736,Key 8d,0.9399,Key 8d,0.9863
-2275681206676940173,Key 6d,0.791,Key 4m,0.6138,Key 5d,0.8629,Key 5d,0.8512,Key 5d,0.8131,Key 5d,0.9194,Key 5d,0.9369
-2190445680687021937,Key 8m,0.7669,Key 8m,0.7827,Key 7m,0.759,Key 8m,0.8094,Key 8m,0.6883,Key 7d,0.6953,Key 7d,0.7981
-2184625639753560364,Key 9m,0.9137,Key 9m,0.9464,Key 9m,0.8844,Key 9m,0.9577,Key 9m,0.8252,Key 9d,0.7836,Key 9m,0.8398
-2177980953182480184,Key 6m,0.8793,Key 6m,0.8952,Key 6m,0.8502,Key 6m,0.9247,Key 6m,0.7889,Key 5d,0.8283,Key 5d,0.8589
-2096570142382190409,Key 10d,0.9343,Key 7m,0.8715,Key 7m,0.8947,Key 10d,0.8396,Key 7m,0.9337,Key 10d,0.6415,Key 7m,0.8939
-2075811033732871227,Key 8d,0.757,Key 8m,0.5829,Key 8d,0.8307,Key 8d,0.8448,Key 8d,0.7685,Key 8d,0.9334,Key 8d,0.8345
-1988442213491485508,Key 12m,0.9309,Key 12m,0.9262,Key 12m,0.9182,Key 12m,0.8874,Key 12m,0.8971,Key 12d,0.6623,Key 12m,0.8324
-1955590648952392930,Key 11m,0.812,Key 11m,0.8348,Key 11m,0.8406,Key 11m,0.8133,Key 11m,0.7525,Key 11d,0.8038,Key 11m,0.8905
-1930755565674832180,Key 11d,0.7993,Key 9m,0.7365,Key 11d,0.85,Key 11d,0.7643,Key 11d,0.816,Key 11d,0.7034,Key 9m,0.8607
-1921215453666168439,Key 1d,0.8746,Key 1m,0.7237,Key 1d,0.9424,Key 1d,0.9435,Key 1d,0.8996,Key 1d,0.9272,Key 12d,0.9163
-1879042772365674404,Key 2m,0.8859,Key 2m,0.8725,Key 2m,0.8822,Key 2m,0.8309,Key 2m,0.83,Key 2d,0.7021,Key 1m,0.9323
-1844689407855946235,Key 10m,0.9308,Key 10m,0.9365,Key 10m,0.889,Key 10m,0.9158,Key 10m,0.8968,Key 10m,0.7009,Key 10m,0.8298
-1803831653904423069,Key 1m,0.9259,Key 1m,0.9033,Key 1m,0.9071,Key 1m,0.9063,Key 1m,0.8967,Key 12d,0.712,Key 12m,0.7624
-1764440568993123894,Key 7d,0.9123,Key 7m,0.7811,Key 7d,0.9465,Key 7d,0.9644,Key 7d,0.9512,Key 7d,0.8813,Key 7d,0.8419
-1763766677364066068,Key 12m,0.9482,Key 12m,0.9138,Key 12m,0.9401,Key 12m,0.8157,Key 12m,0.9686,Key 12m,0.6606,Key 12m,0.8936
-1763263856523348344,Key 11d,0.8574,Key 11m,0.7782,Key 11d,0.9445,Key 11d,0.942,Key 11d,0.9067,Key 11d,0.9514,Key 11d,0.9301
-1757175931376296420,Key 1d,0.7372,Key 1m,0.7211,Key 1d,0.8331,Key 1d,0.857,Key 1d,0.8307,Key 1d,0.8456,Key 1d,0.8715
-1749192340166463568,Key 3m,0.7167,Key 3m,0.7659,Key 3d,0.7329,Key 3m,0.7644,Key 3d,0.7325,Key 3d,0.6978,Key 3d,0.7351
-1699786258269797763,Key 7m,0.9593,Key 7m,0.9601,Key 7m,0.9212,Key 7m,0.9398,Key 7m,0.9307,Key 7m,0.6809,Key 7m,0.8563
-1689166465969545898,Key 12m,0.8107,Key 12m,0.8759,Key 12d,0.8828,Key 12m,0.8982,Key 12d,0.8616,Key 12d,0.8925,Key 12d,0.897
-1550680455717370447,Key 3d,0.7725,Key 3m,0.5597,Key 3d,0.7844,Key 3d,0.7984,Key 3d,0.7491,Key 3d,0.7963,Key 3d,0.7937
-1525139901503489989,Key 5m,0.7925,Key 5m,0.8336,Key 5m,0.8184,Key 5m,0.8693,Key 5m,0.6997,Key 5m,0.8438,Key 5m,0.8187
-1497642857288538639,Key 4m,0.8948,Key 4m,0.8806,Key 4m,0.8493,Key 4m,0.8567,Key 4m,0.8419,Key 3d,0.7953,Key 3m,0.8927
-1482847748072480717,Key 10m,0.8117,Key 10m,0.8731,Key 10d,0.8208,Key 10m,0.8596,Key 10d,0.7939,Key 10d,0.8376,Key 10d,0.9146
-1368635552072980268,Key 6d,0.7249,Key 6m,0.7675,Key 6d,0.8537,Key 6d,0.8371,Key 6d,0.8205,Key 6d,0.8845,Key 6d,0.9551
-1345405382556863012,Key 2m,0.9305,Key 2m,0.9506,Key 2m,0.9114,Key 2m,0.9478,Key 2m,0.8722,Key 2d,0.7758,Key 2m,0.9031
-1309101300695274932,Key 2m,0.927,Key 2m,0.9006,Key 2m,0.8764,Key 2m,0.8463,Key 2m,0.9083,Key 1d,0.6752,Key 1m,0.8777
-1240621798249027145,Key 1m,0.8732,Key 1m,0.8655,Key 12m,0.8788,Key 1m,0.8287,Key 12m,0.8457,Key 1m,0.7155,Key 12m,0.9351
-1211586218857913775,Key 9m,0.9416,Key 9m,0.9312,Key 9m,0.9447,Key 9m,0.9217,Key 9m,0.89,Key 9d,0.7542,Key 9m,0.8534
-1203581180132727585,Key 1d,0.751,Key 11m,0.7011,Key 12d,0.8345,Key 12d,0.8079,Key 12d,0.7958,Key 12d,0.8549,Key 12d,0.9106
-1187099087531568096,Key 2m,0.8919,Key 2m,0.8803,Key 2m,0.9082,Key 2m,0.8029,Key 2m,0.8679,Key 2d,0.7227,Key 2m,0.9319
-1166790865708347174,Key 12d,0.772,Key 12m,0.7239,Key 12d,0.8425,Key 12d,0.8474,Key 12d,0.8502,Key 12d,0.7933,Key 12d,0.8189
-1152319149289549653,Key 11m,0.8193,Key 11m,0.7928,Key 11m,0.8426,Key 11m,0.7625,Key 11m,0.8057,Key 12d,0.6729,Key 12d,0.7841
-1142451871087440255,Key 11m,0.9288,Key 11m,0.9162,Key 11m,0.8856,Key 11m,0.9111,Key 11m,0.8664,Key 10d,0.7472,Key 10d,0.8302
-1107922700146221205,Key 8m,0.7641,Key 8m,0.7818,Key 7d,0.8207,Key 8m,0.821,Key 7d,0.7653,Key 7d,0.898,Key 7d,0.9221
-1089427468795535555,Key 1m,0.7583,Key 1m,0.8002,Key 12d,0.8442,Key 1m,0.8616,Key 12d,0.8392,Key 12d,0.8581,Key 12d,0.9064
-1064965959223912633,Key 10m,0.9301,Key 10m,0.9423,Key 10m,0.9206,Key 10m,0.9237,Key 10m,0.8562,Key 10d,0.8024,Key 10m,0.8689
-1042223092817879157,Key 10m,0.9079,Key 10m,0.8626,Key 10m,0.8452,Key 10m,0.7906,Key 10m,0.9114,Key 10m,0.6524,Key 9m,0.8174
-1041100664647592315,Key 1d,0.6591,Key 1m,0.5968,Key 1d,0.6619,Key 1d,0.7264,Key 1d,0.7464,Key 1d,0.6342,Key 1d,0.6507
-1016370775152475387,Key 3d,0.7466,Key 3m,0.5845,Key 3d,0.7975,Key 3d,0.7507,Key 3d,0.7517,Key 2d,0.7036,Key 2d,0.6742
-993055991867181152,Key 7m,0.6998,Key 6m,0.7308,Key 6d,0.7523,Key 6d,0.8124,Key 6d,0.7336,Key 6d,0.8797,Key 6d,0.7672
-970304599063468575,Key 9m,0.8631,Key 9m,0.877,Key 9m,0.8922,Key 9m,0.8778,Key 9m,0.7933,Key 9d,0.8515,Key 9m,0.9045
-932291905082860471,Key 11m,0.9064,Key 11m,0.8982,Key 11m,0.8836,Key 11m,0.8465,Key 11m,0.8582,Key 11m,0.7046,Key 10m,0.8942
-841682508963960400,Key 9m,0.909,Key 9m,0.9035,Key 9m,0.8625,Key 9m,0.8818,Key 9m,0.9029,Key 9m,0.6451,Key 9m,0.7399
-707233682321719874,Key 12m,0.7899,Key 12m,0.8362,Key 12d,0.8143,Key 1m,0.8086,Key 12d,0.7867,Key 12d,0.8602,Key 12d,0.9133
-703186357315071812,Key 1m,0.7976,Key 1m,0.8107,Key 1m,0.7455,Key 1m,0.8662,Key 1m,0.7277,Key 12d,0.8026,Key 12d,0.7518
-693606104447566687,Key 6m,0.8956,Key 6m,0.9022,Key 6m,0.8865,Key 6m,0.8207,Key 6m,0.9071,Key 7m,0.6563,Key 6m,0.8688
-589234406503743326,Key 6m,0.8878,Key 6m,0.9254,Key 6m,0.8971,Key 6m,0.9327,Key 6m,0.7915,Key 6m,0.8379,Key 6m,0.8704
-568798213694166175,Key 4d,0.7884,Key 3m,0.7846,Key 4d,0.8518,Key 4d,0.776,Key 4d,0.8011,Key 3d,0.7621,Key 3d,0.8955
-557552047335852186,Key 9d,0.7752,Key 9m,0.7807,Key 8d,0.8375,Key 9m,0.8716,Key 8d,0.8381,Key 9d,0.8128,Key 8d,0.872
-542610278762048175,Key 9m,0.7907,Key 9m,0.791,Key 9m,0.7414,Key 9m,0.7313,Key 9m,0.8003,Key 10m,0.6376,Key 9m,0.7169
-482197007606300358,Key 9m,0.8527,Key 9m,0.8836,Key 9m,0.8078,Key 9m,0.866,Key 9m,0.8275,Key 9m,0.6788,Key 9m,0.7589
-446766022501049772,Key 9m,0.7648,Key 9m,0.8049,Key 9m,0.6927,Key 9m,0.7554,Key 9m,0.7105,Key 9d,0.6799,Key 9m,0.7543
-278947713659329127,Key 2d,0.626,Key 2m,0.6401,Key 2d,0.6945,Key 2d,0.7149,Key 2d,0.6279,Key 2d,0.809,Key 2d,0.7153
-192790488024375539,Key 8d,0.9234,Key 8m,0.6616,Key 8d,0.9127,Key 8d,0.959,Key 8d,0.921,Key 8d,0.8656,Key 7d,0.7942
-130360189796551363,Key 4m,0.9069,Key 4m,0.9389,Key 4m,0.8822,Key 4m,0.8728,Key 4m,0.8574,Key 4m,0.74,Key 4m,0.9381
-107232964050934553,Key 10m,0.9067,Key 10m,0.8917,Key 10m,0.8754,Key 10m,0.8611,Key 10m,0.8602,Key 10m,0.7565,Key 9m,0.826
-95030451364091895,Key 2m,0.8376,Key 2m,0.8414,Key 1m,0.827,Key 2m,0.8544,Key 2m,0.7575,Key 1d,0.8313,Key 1m,0.9128
-94155795888975763,Key 7m,0.7591,Key 7m,0.753,Key 8d,0.8082,Key 8m,0.7488,Key 8d,0.7209,Key 8d,0.7874,Key 7m,0.8865
-52578666955365534,Key 11d,0.8897,Key 11m,0.7222,Key 11d,0.9245,Key 11d,0.9259,Key 11d,0.9318,Key 11d,0.824,Key 11d,0.8014
-40282001757965069,Key 8d,0.7415,Key 8m,0.7429,Key 8d,0.8351,Key 8d,0.8806,Key 8d,0.7888,Key 8d,0.9099,Key 8d,0.8404
-39427258114495151,Key 6m,0.7965,Key 6m,0.8298,Key 6m,0.7734,Key 6m,0.905,Key 5d,0.7511,Key 6d,0.7855,Key 5d,0.8241
-19128524033796391,Key 1m,0.7761,Key 1m,0.7756,Key 12d,0.7581,Key 1m,0.8033,Key 12d,0.703,Key 12d,0.8587,Key 12d,0.784
833952629755050,Key 2d,0.6659,Key 3m,0.6458,Key 2d,0.8062,Key 2d,0.7553,Key 2d,0.7363,Key 2d,0.8182,Key 2d,0.8373
24183238411390006,Key 4m,0.903,Key 4m,0.9091,Key 4m,0.8444,Key 4m,0.8675,Key 4m,0.8668,Key 3d,0.5715,Key 3m,0.7769
27796954181659816,Key 7m,0.8068,Key 7m,0.8256,Key 7m,0.8048,Key 8d,0.7574,Key 7m,0.7685,Key 8d,0.7649,Key 8d,0.8853
35977874145636454,Key 8m,0.8675,Key 8m,0.8395,Key 7m,0.8429,Key 8m,0.8376,Key 8m,0.8071,Key 7d,0.802,Key 7m,0.915
91567727434490367,Key 12d,0.7964,Key 12m,0.7178,Key 12d,0.8125,Key 12d,0.8537,Key 12d,0.8437,Key 12d,0.7764,Key 11d,0.7229
93769987669143669,Key 7d,0.8653,Key 4m,0.8042,Key 4m,0.7628,Key 7d,0.7858,Key 4m,0.8397,Key 7d,0.5602,Key 4m,0.7095
113827849185282199,Key 1m,0.7929,Key 1m,0.7805,Key 1m,0.8617,Key 2d,0.7583,Key 2d,0.7938,Key 2d,0.7518,Key 2d,0.8748
150554572695233821,Key 1m,0.8306,Key 1m,0.8452,Key 1m,0.853,Key 1m,0.8407,Key 1m,0.7464,Key 1d,0.8136,Key 1d,0.9216
218895051335754809,Key 1m,0.8845,Key 1m,0.9062,Key 1m,0.9025,Key 1m,0.8816,Key 1m,0.8379,Key 1d,0.8028,Key 1m,0.8957
390601428288667923,Key 2d,0.7433,Key 3m,0.5663,Key 2d,0.8027,Key 2d,0.8182,Key 2d,0.8279,Key 2d,0.7732,Key 2d,0.7097
393292672924426404,Key 3m,0.8873,Key 3m,0.8917,Key 3m,0.8765,Key 3m,0.8352,Key 3m,0.8394,Key 3d,0.7351,Key 3m,0.8929
537082855769906101,Key 2m,0.3755,Key 2m,0.3876,Key 2m,0.4277,Key 2m,0.4211,Key 3m,0.3907,Key 2m,0.5713,Key 2m,0.4942
537102399521819718,Key 3m,0.9371,Key 3m,0.9463,Key 3m,0.886,Key 3m,0.9654,Key 3m,0.8752,Key 2d,0.7535,Key 3m,0.7919
569597891673869370,Key 4d,0.6755,Key 5m,0.6946,Key 4d,0.7298,Key 4d,0.7457,Key 4d,0.7196,Key 4d,0.7511,Key 4d,0.6616
595488912866712317,Key 10m,0.911,Key 10m,0.9312,Key 10m,0.9018,Key 10m,0.8959,Key 10m,0.8524,Key 10d,0.8497,Key 10m,0.9315
623410646784030503,Key 1m,0.8811,Key 1m,0.9179,Key 1m,0.8918,Key 1m,0.94,Key 1m,0.8015,Key 1d,0.8231,Key 1m,0.8533
629804561382532414,Key 11d,0.8104,Key 11m,0.7577,Key 11d,0.9006,Key 11d,0.8914,Key 11d,0.8582,Key 11d,0.9115,Key 11d,0.9558
644566616497295789,Key 8m,0.7598,Key 8m,0.8217,Key 8d,0.8341,Key 8d,0.8869,Key 8d,0.8175,Key 8d,0.9368,Key 8d,0.8886
664119657854388720,Key 6m,0.8644,Key 6m,0.921,Key 6m,0.8629,Key 6m,0.9212,Key 6d,0.8021,Key 6d,0.8425,Key 6m,0.8851
695753626407153293,Key 12m,0.7974,Key 12m,0.8067,Key 12m,0.823,Key 12m,0.8101,Key 12d,0.7482,Key 12d,0.7977,Key 12d,0.8577
773214301183248742,Key 12m,0.8333,Key 12m,0.8573,Key 12m,0.8131,Key 12m,0.8461,Key 12d,0.7842,Key 12d,0.7433,Key 12d,0.8528
779688104379778897,Key 2d,0.8365,Key 2m,0.8046,Key 2d,0.8935,Key 2d,0.9081,Key 2d,0.8765,Key 2d,0.8195,Key 2d,0.8001
820240586566521580,Key 11m,0.7998,Key 11m,0.8169,Key 10m,0.8362,Key 11m,0.851,Key 10m,0.724,Key 10d,0.8958,Key 10d,0.9366
834952960595809889,Key 4d,0.9803,Key 1m,0.714,Key 4d,0.9686,Key 4d,0.9604,Key 4d,0.9873,Key 4d,0.8288,Key 3d,0.7733
923548548537117844,Key 8m,0.8809,Key 8m,0.9226,Key 8m,0.9078,Key 8m,0.9589,Key 8m,0.7774,Key 8d,0.8835,Key 8m,0.8805
952290028543086163,Key 10m,0.8918,Key 10m,0.9137,Key 10m,0.8748,Key 10m,0.9136,Key 10m,0.8161,Key 10d,0.7972,Key 10m,0.86
1003779461248202951,Key 9d,0.8585,Key 7m,0.8301,Key 9d,0.8549,Key 9d,0.7627,Key 9d,0.8332,Key 8d,0.677,Key 7m,0.9054
1094811722511994953,Key 8m,0.866,Key 8m,0.8453,Key 8m,0.8551,Key 8m,0.7827,Key 7m,0.8341,Key 8m,0.6719,Key 7m,0.895
1211436493483396364,Key 8m,0.8812,Key 8m,0.9003,Key 8m,0.9177,Key 8m,0.9263,Key 8m,0.8155,Key 8d,0.807,Key 8m,0.8876
1218550728542419718,Key 1m,0.9586,Key 1m,0.9775,Key 1m,0.9367,Key 1m,0.9696,Key 1m,0.9103,Key 1m,0.7781,Key 1m,0.838
1289229825707827837,Key 9d,0.8258,Key 9m,0.8336,Key 9d,0.895,Key 9d,0.888,Key 9d,0.8948,Key 9d,0.804,Key 9d,0.8319
1394111938167929366,Key 6m,0.7471,Key 5m,0.7288,Key 5m,0.7207,Key 6m,0.7411,Key 6m,0.709,Key 5d,0.6531,Key 5m,0.6958
1415828869727571624,Key 3m,0.7572,Key 3m,0.7149,Key 3m,0.6952,Key 3m,0.6936,Key 3m,0.7515,Key 2d,0.557,Key 3m,0.5313
1473143316093082155,Key 11m,0.9023,Key 11m,0.9298,Key 11m,0.9001,Key 11m,0.9441,Key 11m,0.8215,Key 11d,0.8532,Key 11m,0.8966
1479657438848574273,Key 10m,0.8094,Key 11m,0.8226,Key 10m,0.8144,Key 11m,0.8311,Key 10m,0.7743,Key 10d,0.7616,Key 10d,0.8003
1561334079202301913,Key 12m,0.91,Key 12m,0.875,Key 12m,0.9196,Key 12m,0.8275,Key 12m,0.9197,Key 1m,0.6747,Key 12m,0.812
1576184741139438427,Key 2m,0.8427,Key 2m,0.8634,Key 2m,0.8438,Key 2m,0.8728,Key 2m,0.7842,Key 2d,0.8336,Key 2m,0.8315
1616447913451187609,Key 9d,0.932,Key 6m,0.8222,Key 9d,0.856,Key 9d,0.8476,Key 6m,0.8983,Key 8d,0.7045,Key 6m,0.8455
1637689457290942586,Key 11d,0.811,Key 11m,0.8097,Key 11d,0.8774,Key 11d,0.9068,Key 11d,0.8625,Key 11d,0.8992,Key 11d,0.8529
1708046291246106645,Key 11m,0.9145,Key 11m,0.8691,Key 11m,0.8587,Key 11m,0.8363,Key 11m,0.933,Key 11m,0.626,Key 11m,0.6675
1732782199235839744,Key 12d,0.7562,Key 12m,0.7391,Key 12d,0.8602,Key 12d,0.8644,Key 12d,0.8285,Key 12d,0.8915,Key 12d,0.8892
1739816367822923873,Key 4m,0.9413,Key 4m,0.9319,Key 4m,0.9007,Key 4m,0.9069,Key 4m,0.9129,Key 4m,0.7246,Key 4m,0.7398
1789459631927062184,Key 9m,0.8758,Key 9m,0.903,Key 9m,0.8318,Key 9m,0.9165,Key 9m,0.8036,Key 9m,0.8216,Key 9m,0.7904
1858396897672046616,Key 10m,0.9061,Key 10m,0.8816,Key 10m,0.862,Key 10m,0.7911,Key 10m,0.903,Key 10m,0.6838,Key 10m,0.8165
1937144846461283045,Key 12d,0.7539,Key 9m,0.6251,Key 9m,0.6972,Key 12d,0.678,Key 9m,0.7572,Key 12d,0.5922,Key 9m,0.6848
1957695949748483893,Key 8m,0.8889,Key 8m,0.896,Key 8m,0.8716,Key 8m,0.9189,Key 8m,0.8389,Key 8d,0.6707,Key 8m,0.6995
1974117155086037343,Key 10m,0.7708,Key 10m,0.8193,Key 10m,0.7724,Key 10m,0.8272,Key 10m,0.6918,Key 10d,0.7737,Key 10m,0.7893
2017298544361737566,Key 12m,0.7897,Key 11m,0.8066,Key 11m,0.8163,Key 12m,0.82,Key 11d,0.744,Key 11d,0.8843,Key 11d,0.9353
2046513497809162345,Key 11m,0.9588,Key 11m,0.9432,Key 11m,0.9702,Key 11m,0.9182,Key 11m,0.9208,Key 11d,0.7327,Key 11m,0.914
2068579032242441391,Key 12d,0.5259,Key 9m,0.5223,Key 9m,0.5144,Key 12d,0.5508,Key 12d,0.5077,Key 9m,0.7332,Key 9m,0.6161
2095064792119239611,Key 11m,0.8397,Key 11m,0.8815,Key 11d,0.8542,Key 11m,0.9237,Key 11d,0.8153,Key 11d,0.8245,Key 10d,0.9111
2118039170142216861,Key 9m,0.895,Key 9m,0.9258,Key 9m,0.8653,Key 9m,0.9419,Key 9m,0.8201,Key 9d,0.785,Key 9m,0.8286
2133198106254836756,Key 1d,0.8095,Key 2m,0.7072,Key 1d,0.8875,Key 1d,0.8922,Key 1d,0.8905,Key 1d,0.8733,Key 1d,0.8645
2206076455905859951,Key 2m,0.9712,Key 2m,0.9647,Key 2m,0.9498,Key 2m,0.9324,Key 2m,0.9223,Key 2m,0.7195,Key 2m,0.8917
2408419544984801267,Key 11m,0.9548,Key 11m,0.9607,Key 11m,0.9326,Key 11m,0.9547,Key 11m,0.9074,Key 11m,0.7332,Key 11m,0.8581
2491857609402798360,Key 12m,0.8574,Key 1m,0.8553,Key 12m,0.875,Key 1m,0.8185,Key 12m,0.8509,Key 12d,0.6744,Key 12m,0.8948
2577202230837236929,Key 11m,0.9516,Key 11m,0.9127,Key 11m,0.9416,Key 11m,0.8533,Key 11m,0.9573,Key 11m,0.7113,Key 11m,0.8922
2633887568129818710,Key 10d,0.9302,Key 10m,0.74,Key 10d,0.9535,Key 10d,0.9635,Key 10d,0.9623,Key 10d,0.8683,Key 10d,0.84
2651642248259342800,Key 10m,0.8753,Key 10m,0.8822,Key 10m,0.8956,Key 10m,0.8617,Key 10m,0.8038,Key 10d,0.805,Key 10m,0.9169
2671138780264972249,Key 11m,0.78,Key 11m,0.7507,Key 12d,0.8494,Key 12d,0.756,Key 12d,0.7966,Key 11d,0.7016,Key 10m,0.9104
2675351213172789973,Key 12d,0.8582,Key 12m,0.7504,Key 12d,0.9431,Key 12d,0.8806,Key 12d,0.901,Key 12d,0.8152,Key 11d,0.8944
2682859174307266171,Key 4m,0.8738,Key 4m,0.9061,Key 4m,0.8578,Key 4m,0.8965,Key 4m,0.8199,Key 4d,0.7995,Key 4m,0.8501
2752566272739476218,Key 11m,0.8418,Key 11m,0.8868,Key 11d,0.8691,Key 11m,0.9029,Key 11d,0.8187,Key 11d,0.9073,Key 11d,0.9378
2760188559169668541,Key 12m,0.9356,Key 12m,0.9518,Key 12m,0.901,Key 12m,0.9156,Key 12m,0.8774,Key 12d,0.7679,Key 12m,0.857
2765481004266052142,Key 3d,0.9396,Key 3m,0.6726,Key 3d,0.9608,Key 3d,0.9725,Key 3d,0.9581,Key 3d,0.8957,Key 2d,0.8495
2766108957433184639,Key 2m,0.9596,Key 2m,0.9402,Key 2m,0.9251,Key 2m,0.9286,Key 2m,0.9388,Key 2m,0.7218,Key 2m,0.786
2782126565424630843,Key 6m,0.8909,Key 6m,0.8981,Key 6m,0.8201,Key 6m,0.8512,Key 6m,0.8703,Key 6m,0.7027,Key 6m,0.769
2806550742744706258,Key 7m,0.8602,Key 7m,0.8875,Key 7m,0.8828,Key 7m,0.8772,Key 7m,0.7713,Key 7m,0.7479,Key 6m,0.8511
2871207577135679659,Key 4d,0.9088,Key 4m,0.6922,Key 4d,0.9356,Key 4d,0.9626,Key 4d,0.9163,Key 4d,0.8989,Key 4d,0.8021
2993616516544629278,Key 9m,0.8543,Key 9m,0.8877,Key 9m,0.8511,Key 9m,0.8574,Key 9m,0.78,Key 9d,0.8159,Key 9d,0.8948
3078844038719059858,Key 5m,0.8976,Key 5m,0.8603,Key 5m,0.8927,Key 5m,0.8094,Key 5m,0.9147,Key 6m,0.6506,Key 5m,0.8347
3105079538647935745,Key 8m,0.6749,Key 8m,0.624,Key 8m,0.722,Key 8m,0.6332,Key 8m,0.6712,Key 8d,0.5,Key 7m,0.6233
3157503393842217991,Key 4m,0.9677,Key 4m,0.9452,Key 4m,0.9312,Key 4m,0.9209,Key 4m,0.9417,Key 4m,0.7437,Key 4m,0.7908
3158038207137506225,Key 1d,0.8675,Key 1m,0.7303,Key 1d,0.8928,Key 1d,0.9466,Key 1d,0.8969,Key 1d,0.891,Key 1d,0.7965
3180973923610614492,Key 9d,0.6519,Key 9m,0.5845,Key 9d,0.6158,Key 9d,0.6562,Key 9d,0.6792,Key 9m,0.5047,Key 8d,0.4588
3254338874554366955,Key 12d,0.8277,Key 1m,0.7131,Key 12d,0.8546,Key 12d,0.8719,Key 12d,0.8767,Key 12d,0.843,Key 12d,0.7937
3289017514970844315,Key 1m,0.8021,Key 1m,0.8618,Key 1d,0.8819,Key 1d,0.9049,Key 1d,0.8671,Key 1d,0.8904,Key 1d,0.8883
3321866976242804566,Key 7m,0.8529,Key 7m,0.8702,Key 7m,0.8848,Key 7m,0.8582,Key 7m,0.7929,Key 7d,0.8686,Key 7m,0.9155
3364475017115294024,Key 9m,0.9801,Key 9m,0.9476,Key 9m,0.9786,Key 9m,0.8958,Key 9m,0.9795,Key 9m,0.708,Key 9m,0.8611
3439199725015269212,Key 10m,0.8593,Key 10m,0.8803,Key 10m,0.8725,Key 10m,0.8442,Key 10m,0.8098,Key 10d,0.7886,Key 10m,0.8851
3444849648932737616,Key 2m,0.8912,Key 2m,0.8367,Key 2m,0.848,Key 2m,0.801,Key 2m,0.899,Key 2m,0.6979,Key 2m,0.7101
3472006066853710211,Key 12m,0.7563,Key 12m,0.78,Key 12m,0.7394,Key 12m,0.7232,Key 12m,0.7531,Key 1m,0.6477,Key 1d,0.6713
3593557186480901802,Key 3m,0.7777,Key 3m,0.7509,Key 3m,0.726,Key 3m,0.7494,Key 3m,0.7637,Key 4m,0.5721,Key 3m,0.5178
3860487780319754642,Key 1d,0.9395,Key 10m,0.638,Key 1d,0.943,Key 1d,0.9599,Key 1d,0.9505,Key 1d,0.8708,Key 12d,0.8359
3881143946558082442,Key 3m,0.861,Key 3m,0.8533,Key 3m,0.8713,Key 3m,0.8406,Key 3m,0.8032,Key 3d,0.8019,Key 3m,0.9146
3890875623303360691,Key 1d,0.8677,Key 2m,0.5726,Key 1d,0.9116,Key 1d,0.9441,Key 1d,0.9062,Key 1d,0.8892,Key 1d,0.8179
4044238728449588895,Key 6m,0.9094,Key 6m,0.8949,Key 6m,0.8796,Key 6m,0.8338,Key 6m,0.8905,Key 6d,0.6628,Key 6m,0.8993
4087714892523688783,Key 5m,0.8683,Key 5m,0.8962,Key 5m,0.8302,Key 5m,0.9423,Key 5m,0.7713,Key 4d,0.8277,Key 4d,0.8443
4090716324754044075,Key 9m,0.9253,Key 9m,0.8704,Key 9m,0.8769,Key 9m,0.8392,Key 9m,0.9353,Key 8d,0.5985,Key 8m,0.7364
4159827274565712762,Key 9m,0.8294,Key 9m,0.8523,Key 9m,0.8257,Key 9m,0.8181,Key 9m,0.7738,Key 9d,0.7315,Key 9m,0.8986
4298111262647520189,Key 3m,0.8542,Key 3m,0.8498,Key 3m,0.8555,Key 3m,0.7814,Key 3m,0.8099,Key 3m,0.7691,Key 3m,0.9115
4366919145322798016,Key 5m,0.7909,Key 5m,0.7761,Key 5m,0.7718,Key 5m,0.7335,Key 5m,0.753,Key 5m,0.7771,Key 4m,0.6953
4396813399298079035,Key 3m,0.9624,Key 3m,0.9277,Key 3m,0.8963,Key 3m,0.8609,Key 3m,0.9771,Key 3m,0.6216,Key 3m,0.7871
4454297499437696632,Key 1m,0.7391,Key 1m,0.7833,Key 1d,0.8416,Key 1d,0.8546,Key 1d,0.8027,Key 1d,0.9536,Key 1d,0.9476
4492187744495502467,Key 11m,0.956,Key 11m,0.9185,Key 11m,0.9049,Key 11m,0.8671,Key 11m,0.9768,Key 11m,0.675,Key 11m,0.7455
4524539483193774019,Key 5m,0.7791,Key 4m,0.8013,Key 4m,0.7721,Key 5m,0.7882,Key 4m,0.7168,Key 4d,0.8008,Key 4m,0.8432
4553529316625210071,Key 9m,0.9607,Key 9m,0.9575,Key 9m,0.9275,Key 9m,0.9082,Key 9m,0.9329,Key 9m,0.7135,Key 9m,0.8938
4568462663572913424,Key 12d,0.7996,Key 12m,0.6149,Key 12d,0.7874,Key 12d,0.8606,Key 12d,0.7669,Key 12d,0.8607,Key 11d,0.7402
4574860205344389846,Key 9m,0.8278,Key 9m,0.8131,Key 9m,0.76,Key 9m,0.8377,Key 9m,0.7582,Key 8d,0.8809,Key 8d,0.8334
4594182945475060106,Key 11m,0.7883,Key 10m,0.7664,Key 10m,0.8041,Key 11m,0.7944,Key 11m,0.7193,Key 10d,0.9025,Key 10d,0.9077
4627446750702679601,Key 11m,0.8769,Key 11m,0.8845,Key 11m,0.9072,Key 11m,0.8393,Key 11m,0.8212,Key 11d,0.836,Key 11m,0.9608
4717166592714641384,Key 2m,0.8606,Key 2m,0.8964,Key 2m,0.8492,Key 2m,0.8981,Key 2m,0.7941,Key 2d,0.8446,Key 2m,0.831
4730276846874544397,Key 1m,0.9392,Key 1m,0.9189,Key 1m,0.8826,Key 1m,0.8761,Key 1m,0.9298,Key 1m,0.7233,Key 1m,0.7864
4819499593723479256,Key 1m,0.9032,Key 1m,0.9203,Key 1m,0.9059,Key 1m,0.9157,Key 1m,0.8369,Key 1d,0.8515,Key 1d,0.8916
4828034881631250974,Key 7d,0.6904,Key 7m,0.7365,Key 7d,0.7684,Key 7d,0.8078,Key 7d,0.7244,Key 7d,0.8609,Key 7d,0.7956
4840770575484896153,Key 1m,0.8263,Key 1m,0.8357,Key 1m,0.813,Key 1m,0.8509,Key 1m,0.7433,Key 12d,0.7999,Key 1m,0.7942
4945362780685598928,Key 9m,0.9005,Key 9m,0.8983,Key 9m,0.8806,Key 9m,0.8294,Key 9m,0.8787,Key 9d,0.7163,Key 9m,0.9169
4965701715304683366,Key 5m,0.9056,Key 5m,0.8796,Key 5m,0.9022,Key 5m,0.7835,Key 5m,0.9227,Key 5d,0.5888,Key 5m,0.8827
4981932679109136640,Key 11m,0.9218,Key 11m,0.9146,Key 11m,0.922,Key 11m,0.8743,Key 11m,0.9007,Key 11m,0.7736,Key 11m,0.9083
5047317770290608666,Key 2m,0.9537,Key 2m,0.9643,Key 2m,0.9077,Key 2m,0.9251,Key 2m,0.9042,Key 2m,0.7536,Key 2m,0.8691
5069161860921958744,Key 1m,0.8252,Key 1m,0.8614,Key 1m,0.7903,Key 1m,0.9073,Key 12d,0.752,Key 12d,0.7866,Key 12d,0.8546
5118930729986298770,Key 12m,0.8244,Key 12m,0.8719,Key 12m,0.752,Key 12m,0.821,Key 12m,0.7966,Key 12d,0.6655,Key 12m,0.7773
5191041441685466742,Key 5m,0.8405,Key 5m,0.8528,Key 5m,0.8368,Key 5m,0.7882,Key 5m,0.809,Key 5m,0.6269,Key 5m,0.7616
5214739254450562305,Key 2m,0.8241,Key 2m,0.8456,Key 2m,0.8299,Key 2m,0.8149,Key 2m,0.7679,Key 2d,0.8033,Key 2d,0.8627
5330771727593657392,Key 10m,0.9407,Key 10m,0.9292,Key 10m,0.9491,Key 10m,0.8698,Key 10m,0.9208,Key 10d,0.7099,Key 10m,0.9056
5359692276108508695,Key 9d,0.8563,Key 9m,0.7262,Key 9d,0.912,Key 9d,0.9491,Key 9d,0.893,Key 9d,0.9468,Key 9d,0.8728
5391908372623741040,Key 3m,0.6366,Key 2m,0.5772,Key 2d,0.6361,Key 2d,0.68,Key 3m,0.6041,Key 2d,0.7987,Key 2d,0.7633
5439167543615706885,Key 12m,0.755,Key 12m,0.7782,Key 12d,0.7787,Key 12m,0.8253,Key 12d,0.7405,Key 11d,0.8323,Key 11d,0.8676
5479791432407886535,Key 7d,0.6314,Key 3m,0.4385,Key 7d,0.6357,Key 7d,0.661,Key 7d,0.6389,Key 7d,0.6678,Key 7d,0.5578
5501887514845528421,Key 8m,0.8264,Key 8m,0.8339,Key 8m,0.8466,Key 8m,0.8335,Key 8m,0.787,Key 8m,0.7639,Key 8m,0.881
5521436990675112239,Key 1m,0.7256,Key 1m,0.799,Key 1d,0.7851,Key 1d,0.8044,Key 1d,0.7781,Key 1d,0.788,Key 1d,0.8251
5558795033755423263,Key 10m,0.6621,Key 9m,0.6695,Key 9m,0.6887,Key 9m,0.6616,Key 10m,0.6988,Key 9m,0.8129,Key 9m,0.7355
5607585844349488110,Key 9d,0.4324,Key 6m,0.3373,Key 9d,0.3956,Key 9d,0.4249,Key 9d,0.3986,Key 10m,0.4325,Key 9d,0.3377
5630613999294536276,Key 9m,0.7283,Key 9m,0.7961,Key 9m,0.698,Key 9m,0.8969,Key 9d,0.6857,Key 8d,0.7337,Key 8d,0.6971
5669735091377355264,Key 4m,0.8569,Key 4m,0.8548,Key 4m,0.8917,Key 4m,0.9059,Key 4m,0.775,Key 4d,0.8334,Key 3d,0.8167
5699899632460125763,Key 1m,0.9002,Key 1m,0.8947,Key 1m,0.9366,Key 1m,0.8688,Key 1m,0.8841,Key 1d,0.7077,Key 1m,0.898
5735180602174384114,Key 11m,0.7706,Key 11m,0.6955,Key 11m,0.7127,Key 11m,0.6661,Key 11m,0.7845,Key 10d,0.6223,Key 10m,0.7175
5740122374999478625,Key 2d,0.8414,Key 11m,0.6975,Key 1d,0.8406,Key 1d,0.8094,Key 11m,0.8094,Key 1d,0.835,Key 12d,0.8535
5768945602863182996,Key 2m,0.9405,Key 2m,0.9447,Key 2m,0.9649,Key 2m,0.9576,Key 2m,0.8855,Key 2d,0.7729,Key 2m,0.8766
5788275709720998986,Key 1m,0.9607,Key 1m,0.9582,Key 1m,0.9469,Key 1m,0.9213,Key 1m,0.9282,Key 1d,0.7187,Key 1m,0.8982
5809681739803299867,Key 1d,0.8839,Key 1m,0.6671,Key 1d,0.9154,Key 1d,0.9694,Key 1d,0.9241,Key 1d,0.913,Key 1d,0.8561
5829529957532178474,Key 4m,0.8186,Key 4m,0.8258,Key 4m,0.8571,Key 4m,0.7992,Key 4m,0.7372,Key 4d,0.7872,Key 4m,0.8922
5855229945939993898,Key 10m,0.8954,Key 10m,0.8913,Key 10m,0.8678,Key 10m,0.8108,Key 10m,0.9119,Key 10m,0.6682,Key 10m,0.808
5912217209617676377,Key 2m,0.8673,Key 2m,0.896,Key 2m,0.8193,Key 2m,0.9422,Key 2m,0.7768,Key 1d,0.7977,Key 1d,0.8231
5924770997137196861,Key 9d,0.8317,Key 9m,0.7111,Key 9d,0.9137,Key 9d,0.9363,Key 9d,0.8814,Key 9d,0.9863,Key 9d,0.9291
5930279757498632622,Key 8m,0.8057,Key 8m,0.8234,Key 8m,0.8247,Key 8m,0.8245,Key 8d,0.7785,Key 8d,0.8355,Key 8d,0.8903
5943131933506696914,Key 9m,0.7657,Key 9m,0.8055,Key 9m,0.6924,Key 9m,0.7567,Key 9m,0.7126,Key 9d,0.6779,Key 9m,0.7591
5962991440939709839,Key 3m,0.7963,Key 3m,0.7935,Key 3m,0.7559,Key 3m,0.815,Key 3m,0.7457,Key 3m,0.6967,Key 2d,0.6524
5966146209662247949,Key 1m,0.7852,Key 1m,0.8408,Key 1d,0.8853,Key 1d,0.8782,Key 1d,0.8496,Key 1d,0.8967,Key 1d,0.9283
6008651176952474001,Key 11m,0.7829,Key 11m,0.7991,Key 12d,0.848,Key 12m,0.7881,Key 12d,0.7727,Key 11d,0.8609,Key 11d,0.9738
6019201540118438345,Key 7d,0.8008,Key 6m,0.7682,Key 7d,0.8415,Key 7d,0.7753,Key 7d,0.8105,Key 7d,0.715,Key 6d,0.8714
6057117848794901314,Key 11m,0.8224,Key 11m,0.8591,Key 11m,0.8158,Key 11m,0.904,Key 11m,0.7206,Key 11d,0.8664,Key 11m,0.8178
6194726207062011312,Key 1m,0.74,Key 1m,0.7362,Key 1m,0.8125,Key 1m,0.6987,Key 1m,0.6699,Key 1d,0.7692,Key 1d,0.8695
6236764911369615890,Key 10m,0.8799,Key 10m,0.8778,Key 10m,0.8705,Key 10m,0.8428,Key 10m,0.8129,Key 10d,0.7567,Key 9m,0.8892
6269445353626103086,Key 3m,0.7054,Key 3m,0.6778,Key 3m,0.7085,Key 3m,0.6741,Key 3m,0.6489,Key 2d,0.5378,Key 2d,0.6297
6274234480791839692,Key 2m,0.8013,Key 2m,0.8595,Key 2d,0.7842,Key 2m,0.9194,Key 2d,0.7696,Key 2m,0.7378,Key 1d,0.7641
6301036291455673116,Key 4m,0.9437,Key 4m,0.9099,Key 4m,0.9426,Key 4m,0.8509,Key 4m,0.9395,Key 4m,0.7927,Key 4m,0.827
6432779646589283066,Key 11m,0.8834,Key 11m,0.9172,Key 11m,0.8803,Key 11m,0.9315,Key 11m,0.7872,Key 11d,0.8849,Key 11m,0.8976
6440472560664382171,Key 10d,0.801,Key 11m,0.6924,Key 10d,0.8707,Key 10d,0.8843,Key 10d,0.8736,Key 10d,0.8779,Key 10d,0.851
6492903485579808714,Key 10m,0.8702,Key 10m,0.9049,Key 10m,0.8463,Key 10m,0.9219,Key 10m,0.7674,Key 9d,0.7762,Key 9d,0.8777
6517053572509908016,Key 11m,0.8478,Key 11m,0.8886,Key 11d,0.8149,Key 11m,0.9457,Key 11d,0.7706,Key 10d,0.8419,Key 10d,0.8628
6529080097303897323,Key 2m,0.8341,Key 2m,0.8205,Key 2m,0.8528,Key 2m,0.7742,Key 2m,0.7724,Key 2d,0.7282,Key 1m,0.9086
6546800634220025499,Key 1m,0.869,Key 1m,0.9003,Key 1m,0.9031,Key 1m,0.8889,Key 1m,0.7855,Key 1d,0.8442,Key 1d,0.9184
6547331519279651004,Key 5m,0.819,Key 5m,0.879,Key 5d,0.8036,Key 5m,0.8858,Key 5d,0.7841,Key 5d,0.762,Key 5d,0.8339
6552260486764636344,Key 4d,0.8232,Key 4m,0.6468,Key 4d,0.8627,Key 4d,0.8709,Key 4d,0.8477,Key 4d,0.8293,Key 4d,0.7918
6602896121908246392,Key 10m,0.8065,Key 10m,0.779,Key 10m,0.8281,Key 10m,0.7322,Key 10m,0.8119,Key 10d,0.5965,Key 10m,0.7364
6669088011983288927,Key 10d,0.8272,Key 10m,0.7901,Key 10d,0.8895,Key 10d,0.9176,Key 10d,0.8821,Key 10d,0.917,Key 10d,0.8687
6687214374290980198,Key 6m,0.8995,Key 6m,0.8847,Key 6m,0.8929,Key 6m,0.8688,Key 6m,0.8744,Key 6m,0.6963,Key 6m,0.7993
6689952212216915215,Key 4m,0.9136,Key 4m,0.9465,Key 4m,0.8802,Key 4m,0.9775,Key 4m,0.8218,Key 4d,0.7749,Key 4m,0.8173
6723342900475309015,Key 1m,0.9509,Key 1m,0.9008,Key 1m,0.915,Key 1m,0.8833,Key 1m,0.958,Key 1m,0.6366,Key 1m,0.732
6766537680350598542,Key 1d,0.7801,Key 1m,0.7633,Key 1d,0.8508,Key 1d,0.8543,Key 1d,0.827,Key 1d,0.8092,Key 1d,0.8769
6814686393328195900,Key 2d,0.6615,Key 12m,0.5769,Key 2d,0.7653,Key 1d,0.6898,Key 2d,0.6548,Key 1d,0.6953,Key 1d,0.7898
6870666305434849186,Key 1m,0.8003,Key 1m,0.8512,Key 1m,0.8583,Key 1m,0.8301,Key 1m,0.7522,Key 1m,0.8693,Key 1m,0.8451
6877959556069690737,Key 9m,0.904,Key 9m,0.9286,Key 9m,0.8947,Key 9m,0.9289,Key 9m,0.8082,Key 9d,0.8214,Key 9d,0.8877
7242406951665744128,Key 1m,0.9553,Key 1m,0.918,Key 1m,0.921,Key 1m,0.8669,Key 1m,0.9508,Key 1m,0.7434,Key 1m,0.7963
7443157208337304765,Key 3d,0.8258,Key 12m,0.7824,Key 12m,0.8198,Key 2d,0.7383,Key 12m,0.8532,Key 2d,0.721,Key 1d,0.7932
7455595247986225063,Key 12m,0.8615,Key 12m,0.8464,Key 12m,0.7956,Key 12m,0.8084,Key 12m,0.8449,Key 12m,0.6673,Key 11m,0.7673
7468507413304770632,Key 2d,0.8957,Key 11m,0.6405,Key 2d,0.8938,Key 2d,0.9022,Key 2d,0.8884,Key 2d,0.8069,Key 1d,0.7876
7492837625790901235,Key 2m,0.775,Key 1m,0.7699,Key 1m,0.8047,Key 1m,0.7797,Key 2m,0.7109,Key 1d,0.9055,Key 1d,0.8632
7555024198712884749,Key 9m,0.9402,Key 9m,0.8974,Key 9m,0.9152,Key 12d,0.8272,Key 9m,0.97,Key 12d,0.6076,Key 9m,0.8132
7652762435644997068,Key 1d,0.7805,Key 2m,0.7634,Key 1d,0.8538,Key 2m,0.8484,Key 1d,0.8521,Key 1d,0.8528,Key 1d,0.8607
7808400948320171855,Key 9m,0.8344,Key 9m,0.7731,Key 9m,0.815,Key 9m,0.7444,Key 9m,0.8266,Key 8d,0.6178,Key 8m,0.8355
7842652361133141950,Key 8m,0.8076,Key 8m,0.7946,Key 8m,0.8417,Key 8m,0.7798,Key 8m,0.763,Key 8d,0.7725,Key 8d,0.8304
7844228642996535804,Key 1m,0.9,Key 1m,0.8693,Key 1m,0.916,Key 1m,0.8047,Key 1m,0.9206,Key 2m,0.6673,Key 1m,0.8218
7865468166400464940,Key 1m,0.8943,Key 1m,0.907,Key 1m,0.8988,Key 1m,0.8556,Key 1m,0.8628,Key 1m,0.7764,Key 1m,0.8955
7902396916514851131,Key 1m,0.8963,Key 1m,0.8909,Key 1m,0.9269,Key 1m,0.8664,Key 1m,0.846,Key 1m,0.7503,Key 1m,0.8837
7941195832775621978,Key 4d,0.3949,Key 5m,0.3781,Key 4d,0.4797,Key 4d,0.4578,Key 4d,0.4301,Key 4d,0.4861,Key 4d,0.3499
7948804271859766238,Key 10d,0.7811,Key 11m,0.7446,Key 10d,0.86,Key 10d,0.8619,Key 10d,0.8631,Key 10d,0.8642,Key 10d,0.8756
7965713780452728433,Key 7m,0.9709,Key 7m,0.9674,Key 7m,0.9515,Key 7m,0.9293,Key 7m,0.9346,Key 7m,0.6878,Key 7m,0.883
8026054443741412499,Key 1d,0.8147,Key 2m,0.5711,Key 1d,0.8358,Key 1d,0.8811,Key 1d,0.8783,Key 1d,0.7962,Key 1d,0.7656
8099319921527896615,Key 1m,0.9085,Key 1m,0.8707,Key 1m,0.9213,Key 1m,0.7888,Key 1m,0.9192,Key 1m,0.688,Key 1m,0.9061
8203824934656792969,Key 1d,0.8809,Key 1m,0.6539,Key 1d,0.9381,Key 1d,0.9173,Key 1d,0.9295,Key 1d,0.888,Key 1d,0.9114
8425534563511774446,Key 1d,0.7844,Key 1m,0.7783,Key 1d,0.8149,Key 1m,0.8704,Key 1d,0.8191,Key 1d,0.7199,Key 12d,0.771
8467776548514602771,Key 9d,0.917,Key 6m,0.862,Key 6m,0.8737,Key 9d,0.8029,Key 6m,0.9193,Key 9d,0.6254,Key 6m,0.9
8512659358000451275,Key 3m,0.7625,Key 3m,0.7492,Key 3m,0.6798,Key 3m,0.7224,Key 3m,0.7401,Key 3m,0.5963,Key 3m,0.4932
8515264794114754057,Key 2d,0.7578,Key 2m,0.6402,Key 2d,0.7904,Key 2d,0.7858,Key 2d,0.7783,Key 1d,0.7116,Key 1d,0.7619
8637315364145261260,Key 9d,0.7923,Key 7m,0.6808,Key 9d,0.7923,Key 9d,0.7069,Key 6m,0.7718,Key 8d,0.7248,Key 7d,0.8419
8661342935565749384,Key 4m,0.9233,Key 4m,0.9055,Key 4m,0.9456,Key 4m,0.8778,Key 4m,0.9161,Key 5m,0.6611,Key 4m,0.8493
8669397470592995192,Key 1m,0.9242,Key 1m,0.9403,Key 1m,0.9287,Key 1m,0.9366,Key 1m,0.8511,Key 1d,0.8159,Key 1m,0.8984
8717684724607093260,Key 9d,0.974,Key 6m,0.6825,Key 9d,0.972,Key 9d,0.9874,Key 9d,0.9927,Key 9d,0.8831,Key 9d,0.8081
8786674993895568321,Key 1m,0.8073,Key 1m,0.8558,Key 1d,0.8543,Key 1m,0.8469,Key 1d,0.8193,Key 1d,0.8493,Key 1d,0.9391
8851685406071830180,Key 4m,0.9154,Key 4m,0.9419,Key 4m,0.8809,Key 4m,0.9676,Key 4m,0.8421,Key 4d,0.7442,Key 4m,0.7701
8986200716704961337,Key 2d,0.7676,Key 2m,0.8033,Key 2d,0.8221,Key 2d,0.8804,Key 2d,0.7982,Key 2d,0.8827,Key 2d,0.7743
8986230555104447322,Key 10d,0.5662,Key 6m,0.4933,Key 6m,0.5865,Key 10d,0.5607,Key 10d,0.5591,Key 6m,0.6287,Key 6m,0.4677
9018061109031782142,Key 1m,0.8307,Key 1m,0.8663,Key 1m,0.8117,Key 1m,0.8637,Key 1m,0.7618,Key 1d,0.7941,Key 1m,0.8284
9027458705835969712,Key 3d,0.8815,Key 12m,0.7704,Key 3d,0.8145,Key 3d,0.7696,Key 12m,0.9222,Key 3d,0.5142,Key 12m,0.6112
9165839730472662481,Key 11m,0.959,Key 11m,0.947,Key 11m,0.9443,Key 11m,0.9149,Key 11m,0.9387,Key 11m,0.7596,Key 11m,0.8524
9167271617025027039,Key 1m,0.7826,Key 1m,0.8626,Key 1d,0.7702,Key 1m,0.9041,Key 1d,0.7892,Key 1d,0.7337,Key 1m,0.7552
