apple_music_id,edma_key,edma_strength,edmm_key,edmm_strength,bgate_key,bgate_strength,shaath_key,shaath_strength,braw_key,braw_strength,temperley_key,temperley_strength,noland_key,noland_strength,bpm_rhythm,bpm_rhythm_confidence,bpm_percival
80A9B2ECA6354653,Key 1d,0.9677,Key 10m,0.6807,Key 1d,0.9757,Key 1d,0.9831,Key 1d,0.992,Key 1d,0.872,Key 1d,0.8116,122.01,3.2493,122.32
8173F4FAD776BABF,Key 2d,0.8162,Key 2m,0.8467,Key 2d,0.9092,Key 2d,0.8848,Key 2d,0.8787,Key 2d,0.8607,Key 2d,0.9136,118.0,2.2784,118.12
822EBDC8F5ED6091,Key 2m,0.7952,Key 2m,0.8311,Key 1m,0.8327,Key 2m,0.7917,Key 1m,0.8065,Key 2d,0.708,Key 2d,0.8699,122.88,2.3804,123.05
832A2663B062330B,Key 3d,0.7332,Key 3m,0.7453,Key 3d,0.7838,Key 3d,0.8225,Key 3d,0.7665,Key 3d,0.7801,Key 3d,0.6797,119.97,1.0541,120.19
83D39A3FAF03F6F0,Key 4m,0.5956,Key 4m,0.5814,Key 3d,0.5707,Key 4m,0.6441,Key 4m,0.559,Key 3d,0.649,Key 3d,0.5789,115.94,1.8222,116.13
83D63BB4E26A3B62,Key 4d,0.8608,Key 4m,0.7107,Key 4d,0.8796,Key 4d,0.893,Key 4d,0.8531,Key 3d,0.879,Key 3d,0.8898,119.97,1.928,120.19
8409C774C2D44656,Key 7d,0.7589,Key 8m,0.7641,Key 7d,0.8555,Key 8m,0.8402,Key 7d,0.8471,Key 7d,0.8643,Key 7d,0.8739,123.98,2.4691,123.78
85E680630CBAEC4A,Key 11m,0.7585,Key 11m,0.783,Key 11d,0.8023,Key 12d,0.7752,Key 11d,0.7391,Key 11d,0.8388,Key 11d,0.9009,125.93,1.4334,126.05
8641317169EE5DD9,Key 1m,0.8471,Key 1m,0.8597,Key 1m,0.8197,Key 1m,0.8983,Key 1m,0.7575,Key 12d,0.7874,Key 12d,0.8966,96.92,2.6408,97.05
8690521330EC8AF3,Key 1m,0.8098,Key 1m,0.8089,Key 1m,0.7814,Key 1m,0.7777,Key 1m,0.7629,Key 1m,0.7054,Key 1m,0.6927,126.0,2.7857,126.05
87C1343D370D89DD,Key 11m,0.7893,Key 11m,0.7816,Key 11m,0.7594,Key 11m,0.7516,Key 11m,0.7661,Key 11m,0.6356,Key 11m,0.7891,111.96,1.6485,112.04
87DBCC2080C9F69B,Key 10m,0.8334,Key 10m,0.8099,Key 10m,0.8222,Key 1d,0.7317,Key 10m,0.8553,Key 10m,0.6143,Key 10m,0.8726,120.01,3.383,120.19
87DE3E4D500A6326,Key 8m,0.8626,Key 8m,0.8759,Key 8m,0.9078,Key 8m,0.8545,Key 8m,0.8063,Key 8d,0.8569,Key 8m,0.9404,120.0,2.7839,120.19
87E8CF8A567FA307,Key 5m,0.9472,Key 5m,0.9077,Key 5m,0.9167,Key 8d,0.8316,Key 5m,0.9751,Key 5m,0.6435,Key 5m,0.8451,114.0,2.4755,114.21
89B8EE35C2D3A29E,Key 6m,0.83,Key 6m,0.836,Key 6m,0.8727,Key 6m,0.8594,Key 6m,0.7695,Key 6d,0.7831,Key 6m,0.8312,126.91,1.1767,126.82
89BDC796BA0EA1B4,Key 10m,0.4574,Key 11m,0.4475,Key 9m,0.4539,Key 11m,0.4446,Key 10m,0.4883,Key 9m,0.466,Key 9m,0.5216,126.92,2.9109,126.82
8A199622438817C9,Key 7m,0.8716,Key 7m,0.8409,Key 7m,0.8871,Key 8m,0.7727,Key 7m,0.8722,Key 7d,0.6305,Key 7m,0.8986,123.04,2.3494,123.05
8A3CC2B09F9F58EC,Key 11m,0.8498,Key 11m,0.8579,Key 11m,0.7997,Key 11m,0.8381,Key 11m,0.839,Key 11m,0.7094,Key 11m,0.637,120.63,3.3871,120.89
8AED09318A2D73C6,Key 12d,0.9172,Key 9m,0.7257,Key 12d,0.9,Key 12d,0.8854,Key 12d,0.9369,Key 12d,0.7642,Key 12d,0.7259,124.01,3.2304,123.78
8C0909A419F9090F,Key 11m,0.9644,Key 11m,0.9615,Key 11m,0.9191,Key 11m,0.9613,Key 11m,0.9389,Key 11m,0.645,Key 11m,0.7662,120.0,3.1602,120.19
8CFE13D333589EAA,Key 11m,0.8369,Key 11m,0.8347,Key 11m,0.8697,Key 12m,0.7742,Key 11m,0.8372,Key 12m,0.7627,Key 11m,0.8834,120.0,3.7199,120.19
8E85195807BCA9CC,Key 9m,0.7159,Key 9m,0.7101,Key 9m,0.7506,Key 9m,0.7514,Key 9m,0.6485,Key 9m,0.7688,Key 9m,0.6985,114.99,3.7226,114.84
8E94ECE960BCCF63,Key 10d,0.8329,Key 10m,0.7609,Key 10d,0.8908,Key 10d,0.9133,Key 10d,0.8679,Key 10d,0.9244,Key 10d,0.9,111.94,1.4315,111.74
8F70D147B185D9CF,Key 2m,0.869,Key 2m,0.8522,Key 2m,0.8001,Key 2m,0.8719,Key 2m,0.819,Key 1d,0.8294,Key 1d,0.7591,122.44,2.2965,122.32
8FAC2CC8F72BCE4E,Key 10m,0.8538,Key 10m,0.8213,Key 10m,0.9009,Key 11m,0.7631,Key 10m,0.8455,Key 11d,0.6595,Key 10m,0.8792,123.57,2.5787,123.78
901AABA21FF35C60,Key 11m,0.9038,Key 11m,0.8846,Key 11m,0.9478,Key 11m,0.8479,Key 11m,0.8904,Key 11m,0.758,Key 11m,0.9166,121.03,2.6713,120.89
904959D73E2AB42E,Key 3d,0.8185,Key 3m,0.5738,Key 3d,0.8472,Key 3d,0.8902,Key 3d,0.8025,Key 3d,0.9219,Key 3d,0.8105,123.93,2.154,123.78
90A0DDFC5B38D7A1,Key 3d,0.7519,Key 3m,0.7701,Key 3d,0.8573,Key 3d,0.8845,Key 3d,0.8052,Key 3d,0.958,Key 3d,0.9397,128.19,2.2063,128.4
90DEEA525D379D19,Key 1m,0.9015,Key 1m,0.9081,Key 1m,0.9462,Key 1m,0.8511,Key 1m,0.8577,Key 1m,0.7252,Key 1m,0.9519,119.98,2.5955,120.19
91EB327D3516EA59,Key 10m,0.9793,Key 10m,0.9635,Key 10m,0.9461,Key 10m,0.9009,Key 10m,0.9626,Key 10m,0.7426,Key 10m,0.8816,122.99,2.6291,123.05
9238FFD03190C9BD,Key 1m,0.8947,Key 1m,0.8966,Key 1m,0.9024,Key 1m,0.9246,Key 1m,0.8146,Key 12d,0.7717,Key 12m,0.8611,120.02,2.2726,120.19
92657C200C8EACDF,Key 1d,0.8313,Key 11m,0.7114,Key 1d,0.8266,Key 1d,0.7892,Key 1d,0.8205,Key 12d,0.6953,Key 12d,0.8569,117.96,2.2969,118.12
9282BD04501DB3C9,Key 5m,0.7943,Key 5m,0.792,Key 5m,0.7917,Key 5m,0.8239,Key 5m,0.7269,Key 5m,0.8535,Key 4m,0.7097,111.03,3.4894,111.14
92890EF8F0830116,Key 6m,0.8408,Key 6m,0.813,Key 6m,0.8166,Key 6m,0.8035,Key 6m,0.8042,Key 6m,0.7355,Key 5m,0.7699,128.97,2.4421,129.2
92B023E6C70585D7,Key 6m,0.8878,Key 6m,0.9017,Key 6m,0.8992,Key 6m,0.8981,Key 6m,0.81,Key 6d,0.8291,Key 6d,0.907,122.48,2.1433,121.6
92D36E5321D323C1,Key 2m,0.5152,Key 2m,0.5139,Key 2m,0.5172,Key 2m,0.5726,Key 6d,0.5213,Key 2m,0.6116,Key 2m,0.4149,118.6,1.6473,120.19
9390368920ED7093,Key 4m,0.7849,Key 4m,0.7291,Key 4m,0.7822,Key 4m,0.6846,Key 4m,0.7666,Key 3d,0.6528,Key 3m,0.7767,114.92,2.9363,114.84
94F0278646FC22C2,Key 1d,0.7814,Key 12m,0.688,Key 1d,0.8237,Key 12d,0.7758,Key 1d,0.7941,Key 12d,0.8717,Key 12d,0.8948,94.32,1.4787,62.83
95ECE6DA1873356A,Key 7m,0.9013,Key 7m,0.9133,Key 7m,0.8969,Key 7m,0.9082,Key 7m,0.8161,Key 7d,0.7973,Key 6m,0.9094,123.97,3.4941,123.78
963A3D933E88D59E,Key 10d,0.9251,Key 10m,0.6545,Key 10d,0.9551,Key 10d,0.965,Key 10d,0.9523,Key 10d,0.9272,Key 10d,0.9025,126.82,2.202,126.82
9659CB55BA67DBDB,Key 10m,0.794,Key 10m,0.7533,Key 10m,0.7327,Key 1d,0.7361,Key 10m,0.8265,Key 1d,0.5061,Key 9m,0.5215,117.91,2.0577,118.12
971C7032A4AFEEF3,Key 4m,0.8867,Key 4m,0.9062,Key 4m,0.8852,Key 4m,0.889,Key 4m,0.8069,Key 4d,0.7264,Key 3m,0.8788,122.09,2.5191,122.32
9A50EE5E8F861935,Key 10m,0.8847,Key 10m,0.9033,Key 10m,0.8989,Key 10m,0.8743,Key 10m,0.8166,Key 10d,0.861,Key 10m,0.9472,121.96,1.1542,122.32
9BAB5CF0098CAE0E,Key 9m,0.9135,Key 9m,0.9426,Key 9m,0.8768,Key 9m,0.969,Key 9m,0.8279,Key 8d,0.7622,Key 9m,0.8109,97.79,2.5587,98.44
9BD4637C4A7A2826,Key 8m,0.8372,Key 8m,0.8599,Key 8m,0.836,Key 8m,0.8773,Key 7m,0.7665,Key 7d,0.7729,Key 7m,0.9025,124.97,1.8735,125.28
9C5CEED1A4D73015,Key 7m,0.8312,Key 7m,0.8517,Key 7m,0.8806,Key 7m,0.837,Key 7m,0.7531,Key 7d,0.875,Key 7d,0.9411,83.0,2.8294,83.02
9C828D054A8A2DFA,Key 6m,0.9681,Key 6m,0.9248,Key 6m,0.9355,Key 6m,0.8653,Key 6m,0.9805,Key 6m,0.567,Key 6m,0.7925,92.92,2.2062,93.12
9C9B74C419ABE945,Key 9m,0.8144,Key 9m,0.8131,Key 9m,0.8733,Key 9m,0.7974,Key 9m,0.7539,Key 9d,0.7736,Key 9m,0.893,118.01,3.0059,118.12
9D6A87CE6E9C5AEB,Key 8m,0.9428,Key 8m,0.9506,Key 8m,0.9222,Key 8m,0.9447,Key 8m,0.879,Key 7d,0.716,Key 8m,0.8353,121.01,2.1832,120.89
9DD5530EE9F203AC,Key 11m,0.8876,Key 11m,0.8898,Key 11m,0.8771,Key 11m,0.9186,Key 11m,0.8094,Key 10d,0.8055,Key 10d,0.8412,113.86,2.7136,114.21
9E37ABD9453E8FB0,Key 9m,0.8567,Key 9m,0.8453,Key 9m,0.8562,Key 9m,0.7692,Key 9m,0.8237,Key 9d,0.6542,Key 9m,0.8654,126.04,2.1903,126.05
9E3B1EA114B67B7F,Key 11m,0.7456,Key 11m,0.7799,Key 11m,0.7235,Key 11m,0.7713,Key 11m,0.7094,Key 12d,0.6215,Key 11m,0.7907,123.54,1.3765,124.53
9E42D4E97FFAF2DF,Key 9m,0.9673,Key 9m,0.9621,Key 9m,0.9875,Key 9m,0.923,Key 9m,0.9399,Key 9m,0.751,Key 9m,0.9264,119.99,3.1676,120.19
9E52E935F81BFC5A,Key 3d,0.8383,Key 4m,0.6777,Key 3d,0.8646,Key 3d,0.8427,Key 3d,0.8643,Key 3d,0.7886,Key 3d,0.7692,117.64,2.453,117.45
9E9533C576EC74EC,Key 10m,0.9467,Key 10m,0.9685,Key 10m,0.9033,Key 10m,0.9757,Key 10m,0.8775,Key 10m,0.7309,Key 10m,0.8105,122.9,1.8058,123.05
9ED9213664B23254,Key 11m,0.8773,Key 11m,0.9105,Key 11m,0.85,Key 11m,0.9328,Key 11m,0.7691,Key 10d,0.7906,Key 10d,0.8809,138.12,2.7661,137.81
9F92A0939862C627,Key 1m,0.9597,Key 1m,0.9599,Key 1m,0.9408,Key 1m,0.9236,Key 1m,0.9252,Key 1m,0.7364,Key 1m,0.8822,172.26,1.8706,87.59
A1E58DC6E59B13D7,Key 12m,0.7988,Key 12m,0.8567,Key 12m,0.8076,Key 12m,0.8895,Key 12d,0.7485,Key 12d,0.895,Key 12d,0.8057,128.04,3.1982,128.4
A4644980C3C12C92,Key 1m,0.9837,Key 1m,0.9749,Key 1m,0.9505,Key 1m,0.9413,Key 1m,0.9604,Key 1m,0.7359,Key 1m,0.8679,120.0,2.4878,120.19
A543179C836D1B52,Key 2d,0.5772,Key 12m,0.6058,Key 12d,0.6425,Key 12d,0.6579,Key 12d,0.6242,Key 1d,0.7987,Key 12m,0.793,123.5,2.431,123.78
A5AA505409F45D58,Key 8m,0.8698,Key 8m,0.8185,Key 8m,0.8367,Key 8m,0.7714,Key 8m,0.8537,Key 7d,0.6649,Key 7m,0.8535,115.89,3.234,116.13
A5DBC700C86A9209,Key 6m,0.8755,Key 6m,0.8423,Key 6m,0.8995,Key 6m,0.7796,Key 6m,0.8653,Key 6d,0.7087,Key 6m,0.8825,120.07,0.9596,120.19
A76BFEBF87FC264F,Key 1d,0.7196,Key 12m,0.7284,Key 12d,0.7846,Key 12m,0.7832,Key 12d,0.7176,Key 12d,0.7651,Key 11d,0.9038,123.9,2.2005,123.78
A8349B85981555B6,Key 1m,0.802,Key 1m,0.8573,Key 1d,0.8655,Key 1m,0.8898,Key 1d,0.8372,Key 1d,0.8709,Key 1d,0.9222,113.96,2.6011,114.21
A860D8E7612D05CF,Key 2m,0.9319,Key 2m,0.9038,Key 2m,0.8507,Key 2m,0.8528,Key 2m,0.9422,Key 2m,0.6201,Key 2m,0.6982,107.99,3.6436,108.23
A866C9C0960E60E6,Key 10m,0.9647,Key 10m,0.9827,Key 10m,0.9498,Key 10m,0.9567,Key 10m,0.9033,Key 10m,0.7687,Key 10m,0.9107,109.99,2.3655,109.96
A86813743D11A6B8,Key 1m,0.9513,Key 1m,0.9346,Key 1m,0.9649,Key 1m,0.8821,Key 1m,0.9237,Key 1d,0.6909,Key 1m,0.9277,101.98,2.5243,102.34
A9E68047C200943C,Key 3d,0.8573,Key 3m,0.7532,Key 3d,0.8879,Key 3d,0.9359,Key 3d,0.867,Key 3d,0.9121,Key 3d,0.8179,120.01,3.0391,120.19
AA3AEE0E79B9DD66,Key 5m,0.8716,Key 5m,0.917,Key 5m,0.8801,Key 5m,0.9363,Key 5m,0.7759,Key 5d,0.8649,Key 5m,0.8682,114.97,1.7214,114.84
AA6B003CE506D86D,Key 9m,0.8643,Key 9m,0.8244,Key 9m,0.8275,Key 12d,0.8152,Key 9m,0.8949,Key 9m,0.6734,Key 9m,0.6884,123.87,3.2894,123.78
AAAFD64B647C2004,Key 5d,0.8968,Key 2m,0.6471,Key 5d,0.8848,Key 5d,0.9018,Key 5d,0.9292,Key 5d,0.7962,Key 5d,0.7103,121.99,2.3871,122.32
AABC6298806E8E24,Key 9m,0.9795,Key 9m,0.9474,Key 9m,0.9768,Key 9m,0.8884,Key 9m,0.9731,Key 9m,0.6548,Key 9m,0.8702,117.01,3.4593,116.79
AAE2575C020181C6,Key 9d,0.8171,Key 6m,0.7263,Key 9d,0.7498,Key 9d,0.8028,Key 6m,0.8358,Key 9d,0.6148,Key 6m,0.5163,122.95,3.1227,123.05
AD1AD9612533B0CC,Key 1d,0.924,Key 10m,0.629,Key 1d,0.9405,Key 1d,0.9621,Key 1d,0.9255,Key 1d,0.9178,Key 1d,0.8577,122.98,2.9912,123.05
AEB2CA34ACE1C8B2,Key 10m,0.9608,Key 10m,0.9488,Key 10m,0.9361,Key 10m,0.8968,Key 10m,0.9264,Key 10m,0.7641,Key 10m,0.8973,120.89,1.9511,120.89
B00486A7A8036839,Key 7m,0.7553,Key 7m,0.824,Key 7d,0.8272,Key 7m,0.8317,Key 7d,0.8277,Key 7d,0.7833,Key 7d,0.837,115.95,1.7362,116.13
B00F23DB080BF7F0,Key 3m,0.9059,Key 3m,0.8857,Key 3m,0.8249,Key 3m,0.8793,Key 3m,0.8911,Key 2d,0.6156,Key 2d,0.6584,119.01,2.4311,118.8
B0B8D7CE7C71D25D,Key 1m,0.823,Key 1m,0.8237,Key 12m,0.7817,Key 1m,0.8531,Key 1m,0.7409,Key 12d,0.8752,Key 12d,0.8436,123.01,2.675,123.05
B1BB63F715E1025E,Key 12m,0.8292,Key 12m,0.8279,Key 12m,0.8405,Key 12m,0.7547,Key 12m,0.7845,Key 12d,0.6854,Key 11m,0.8768,115.0,2.9025,114.84
B5DDBF859B5359CB,Key 11m,0.5152,Key 10m,0.4521,Key 10m,0.4588,Key 9d,0.5,Key 11m,0.5639,Key 9d,0.5861,Key 10m,0.4942,117.22,2.743,116.79
B65843F784D21727,Key 7m,0.8328,Key 7m,0.7951,Key 7m,0.8085,Key 7m,0.7514,Key 7m,0.812,Key 6d,0.5361,Key 6m,0.7876,97.49,3.3375,97.51
B74337E32768F98F,Key 3m,0.755,Key 3m,0.8286,Key 3d,0.7807,Key 3m,0.8628,Key 3d,0.7686,Key 2d,0.6985,Key 2d,0.7557,120.06,1.7374,119.84
B7495B9A8962DA70,Key 3d,0.794,Key 3m,0.7104,Key 3d,0.8733,Key 3d,0.8469,Key 3d,0.8292,Key 3d,0.8432,Key 3d,0.9054,124.94,2.2679,125.28
B77B6DFBB8A700C9,Key 11m,0.7749,Key 11m,0.7935,Key 11m,0.8271,Key 11m,0.7659,Key 11m,0.7639,Key 12m,0.7131,Key 11m,0.8454,121.01,3.3262,120.89
B77ED714D1372549,Key 1m,0.7587,Key 1m,0.7878,Key 1m,0.7902,Key 1m,0.8323,Key 1d,0.752,Key 1d,0.8249,Key 1d,0.8452,120.77,3.3416,120.89
BA2C87BDAF8EF848,Key 11m,0.8801,Key 11m,0.8885,Key 11m,0.8949,Key 11m,0.824,Key 11m,0.8595,Key 11d,0.7155,Key 11m,0.934,124.99,3.1437,125.28
BA5EAC90BC085B11,Key 1d,0.7758,Key 10m,0.5744,Key 1d,0.7966,Key 1d,0.8308,Key 1d,0.8261,Key 1d,0.7522,Key 1d,0.6535,128.01,3.417,128.0
BBE41E3F08F3D454,Key 12m,0.9117,Key 12m,0.8701,Key 12m,0.9021,Key 12m,0.7823,Key 12m,0.9385,Key 12m,0.5957,Key 12m,0.8297,109.0,2.8623,108.8
BBE9727E4AD570C5,Key 6d,0.8237,Key 6m,0.8129,Key 6d,0.9196,Key 6d,0.9191,Key 6d,0.8937,Key 6d,0.9319,Key 6d,0.9549,121.94,1.6623,122.32
BC40BC3F27B7708E,Key 3d,0.8171,Key 4m,0.6709,Key 3d,0.8828,Key 3d,0.8631,Key 3d,0.8425,Key 3d,0.8472,Key 3d,0.8517,125.98,1.8706,126.05
BCF4FFC5EFDDC171,Key 9m,0.8875,Key 9m,0.873,Key 9m,0.9086,Key 9m,0.7938,Key 9m,0.8683,Key 9m,0.7249,Key 9m,0.948,123.85,2.5177,126.05
BD05D30E29518008,Key 7d,0.796,Key 4m,0.5868,Key 7d,0.8062,Key 7d,0.8328,Key 7d,0.8475,Key 7d,0.7628,Key 7d,0.647,117.0,2.9934,116.79
BDD6D7ACE00C4EEE,Key 11m,0.8165,Key 11m,0.8671,Key 11m,0.7874,Key 11m,0.9439,Key 11d,0.7514,Key 10d,0.7834,Key 10d,0.8435,146.99,1.6974,146.61
BDE8DB89E8B52164,Key 5m,0.8782,Key 5m,0.8947,Key 5m,0.892,Key 5m,0.886,Key 5m,0.7962,Key 5d,0.8705,Key 5d,0.9416,133.02,2.4929,133.37
BDFB1DC0652CF4C9,Key 11m,0.7599,Key 11m,0.7692,Key 11m,0.8138,Key 11m,0.753,Key 12m,0.7161,Key 11d,0.8169,Key 11m,0.8778,119.99,2.5205,120.19
BE8BB320C4206697,Key 7m,0.95,Key 7m,0.9533,Key 7m,0.9324,Key 7m,0.9132,Key 7m,0.912,Key 7d,0.7321,Key 7m,0.9322,129.99,1.5329,130.01
BEBE2BBCBD21B21E,Key 1m,0.9079,Key 1m,0.9502,Key 1m,0.8776,Key 1m,0.9578,Key 1m,0.8539,Key 1m,0.7798,Key 1m,0.8337,99.93,2.8212,99.86
BF1C20734E72D671,Key 3m,0.8788,Key 3m,0.8595,Key 3m,0.9107,Key 4m,0.815,Key 3m,0.8547,Key 3d,0.7568,Key 3m,0.9281,120.8,1.5496,120.89
BFAF9FD4FC30DE07,Key 12d,0.8468,Key 1m,0.7067,Key 12d,0.8991,Key 12d,0.9117,Key 12d,0.8899,Key 12d,0.9201,Key 12d,0.8781,128.01,2.0209,128.4
BFF411ED275DF3B6,Key 6m,0.8317,Key 6m,0.8245,Key 6m,0.7571,Key 6m,0.8316,Key 6m,0.7864,Key 5d,0.7575,Key 5m,0.7265,117.73,2.0401,118.8
C0201242B8135B45,Key 11m,0.8404,Key 11m,0.7804,Key 11m,0.8471,Key 1d,0.7493,Key 11m,0.85,Key 1d,0.6321,Key 10m,0.8678,125.57,2.2906,125.28
C0F213BCA151C676,Key 11m,0.7732,Key 11m,0.7945,Key 12d,0.8374,Key 11m,0.7891,Key 12d,0.779,Key 11d,0.7493,Key 11d,0.8945,123.96,2.6694,124.53
C11AE0899701FF43,Key 9m,0.8028,Key 9m,0.812,Key 9m,0.8141,Key 10m,0.7953,Key 9m,0.7542,Key 10d,0.8073,Key 9d,0.9051,79.85,1.4296,82.03
C1582B7F7DA5845E,Key 11d,0.491,Key 7m,0.3728,Key 7m,0.4126,Key 11d,0.4965,Key 8m,0.5214,Key 6d,0.4823,Key 7m,0.3089,123.39,2.5167,123.78
C1AD2BFCE4B81893,Key 12d,0.8444,Key 9m,0.8203,Key 9m,0.8473,Key 9m,0.7412,Key 9m,0.8513,Key 10d,0.6648,Key 9m,0.9124,109.96,3.048,109.96
C2AACE85F0F1733A,Key 5m,0.851,Key 5m,0.8761,Key 5m,0.799,Key 5m,0.9099,Key 5m,0.7676,Key 4d,0.7685,Key 4d,0.7456,120.01,3.1263,120.19
C2D86B04CA43F2F0,Key 2d,0.9068,Key 11m,0.6287,Key 2d,0.9638,Key 2d,0.8974,Key 2d,0.9345,Key 2d,0.8038,Key 2d,0.85,139.99,2.2974,139.67
C34235F1555A5BD9,Key 8m,0.7161,Key 8m,0.7149,Key 8m,0.757,Key 9m,0.7388,Key 9d,0.675,Key 8d,0.8386,Key 8d,0.9183,122.95,0.1962,123.05
C3D26DBCA5222E6F,Key 12m,0.8816,Key 12m,0.898,Key 12m,0.8463,Key 12m,0.8897,Key 12m,0.8129,Key 12m,0.7338,Key 12m,0.7272,119.99,2.2834,120.19
C401C466C1868D8C,Key 8m,0.9294,Key 8m,0.9557,Key 8m,0.9197,Key 8m,0.942,Key 8m,0.8814,Key 8d,0.6998,Key 8m,0.8812,124.98,3.2439,125.28
C5F2FA71638F2133,Key 4m,0.8433,Key 4m,0.7985,Key 4m,0.7952,Key 7d,0.7418,Key 4m,0.8773,Key 4m,0.5941,Key 4m,0.6104,105.36,2.1179,105.47
C5F31F7C9A24426C,Key 6m,0.8572,Key 6m,0.8274,Key 6m,0.8385,Key 6m,0.8083,Key 6m,0.8301,Key 6m,0.7548,Key 5m,0.8378,127.0,2.7049,126.82
C69463D8C96BA3ED,Key 1m,0.8297,Key 1m,0.8453,Key 1m,0.8443,Key 1m,0.8277,Key 2d,0.7645,Key 1d,0.7648,Key 1d,0.9004,129.97,2.4817,130.01
C6A87418766615D8,Key 1m,0.8974,Key 1m,0.9071,Key 1m,0.8937,Key 1m,0.9172,Key 1m,0.8166,Key 1m,0.8204,Key 1m,0.814,122.08,2.3101,120.89
C6BB1F5759FCFC9A,Key 1d,0.6717,Key 1m,0.5363,Key 1d,0.664,Key 1d,0.6859,Key 1d,0.7071,Key 12d,0.586,Key 12d,0.6713,140.58,1.4894,141.59
C8BE58D195D42AD0,Key 7m,0.8814,Key 7m,0.9306,Key 7m,0.8505,Key 7m,0.9169,Key 7m,0.7941,Key 7d,0.7794,Key 7d,0.8609,124.99,1.9384,125.28
C8F38A78EF8E1ADC,Key 2m,0.8338,Key 2m,0.8023,Key 2m,0.7977,Key 2m,0.838,Key 2m,0.7764,Key 1d,0.7898,Key 1d,0.8698,116.76,3.0943,116.13
C8F8805FEAE6C536,Key 4m,0.9422,Key 4m,0.9654,Key 4m,0.9101,Key 4m,0.9489,Key 4m,0.8977,Key 4m,0.7603,Key 4m,0.8465,122.98,2.5836,123.05
C9571F4CEC1ED5F4,Key 11m,0.9063,Key 11m,0.9257,Key 11m,0.892,Key 11m,0.944,Key 11m,0.8246,Key 10d,0.7933,Key 11m,0.8548,119.99,2.4873,120.19
CA00063A89738F0F,Key 2d,0.8697,Key 2m,0.7225,Key 2d,0.9275,Key 2d,0.8912,Key 2d,0.8969,Key 2d,0.8343,Key 1d,0.908,121.98,2.3458,122.32
CABF37CC5173999D,Key 7m,0.8155,Key 7m,0.8381,Key 6m,0.8145,Key 7m,0.8694,Key 7d,0.732,Key 6d,0.8909,Key 6d,0.9404,123.56,1.6786,123.78
CBC687708500E950,Key 7m,0.8555,Key 7m,0.9081,Key 7m,0.8105,Key 7m,0.9265,Key 7m,0.7685,Key 7d,0.7594,Key 7m,0.8123,124.0,1.639,123.78
CD5FECFC9CDE127D,Key 3m,0.9328,Key 3m,0.9011,Key 3m,0.913,Key 3m,0.8433,Key 3m,0.9214,Key 3m,0.7539,Key 3m,0.8413,123.0,2.86,123.05
CD8E3B692D05383C,Key 1m,0.8555,Key 1m,0.8917,Key 1m,0.8505,Key 1m,0.8909,Key 1m,0.7594,Key 1d,0.7961,Key 1d,0.8929,115.99,3.4127,116.13
CD928B20D991BFBD,Key 8m,0.7595,Key 8m,0.7868,Key 8m,0.7548,Key 8m,0.8078,Key 8m,0.6862,Key 8m,0.7569,Key 8m,0.7511,128.0,2.4182,128.4
CE94C1AFB2980B3F,Key 5d,0.849,Key 5m,0.8192,Key 5d,0.912,Key 5d,0.9239,Key 5d,0.8954,Key 5d,0.8929,Key 5d,0.8728,107.0,1.6925,107.11
CF696041547504DC,Key 12d,0.8005,Key 10m,0.7637,Key 12d,0.828,Key 11d,0.7632,Key 12d,0.7833,Key 11d,0.8155,Key 11d,0.945,127.97,1.985,127.6
D0CAD5312AFF4077,Key 4d,0.8448,Key 2m,0.7869,Key 4d,0.8667,Key 4d,0.806,Key 4d,0.8344,Key 4d,0.732,Key 3d,0.8544,93.19,3.314,93.12
D0D59B35BE5EF64D,Key 2d,0.9219,Key 11m,0.7697,Key 2d,0.8588,Key 2d,0.857,Key 2d,0.9154,Key 2d,0.6728,Key 11m,0.5892,125.01,2.7883,125.28
D0E6FA29DAF01D26,Key 10m,0.9229,Key 10m,0.8709,Key 10m,0.9141,Key 10m,0.8102,Key 10m,0.9328,Key 10m,0.7161,Key 10m,0.8069,123.96,2.8558,123.78
D23C23CABEB5894F,Key 11m,0.8801,Key 11m,0.8938,Key 11m,0.8468,Key 11m,0.933,Key 11m,0.8055,Key 10d,0.8217,Key 10d,0.7904,120.04,2.0949,120.19
D356A356573B80DF,Key 12d,0.9265,Key 9m,0.6721,Key 12d,0.9333,Key 12d,0.8963,Key 12d,0.9326,Key 12d,0.7988,Key 12d,0.8196,122.95,1.3724,123.05
D36273B37EB783C5,Key 12m,0.93,Key 12m,0.8671,Key 12m,0.8904,Key 3d,0.8203,Key 12m,0.9772,Key 3d,0.5978,Key 12m,0.7352,115.89,3.3505,116.13
D4FB7B4E63E4CE1D,Key 8d,0.8299,Key 9m,0.6847,Key 8d,0.879,Key 8d,0.9263,Key 8d,0.8897,Key 8d,0.918,Key 8d,0.8863,118.56,1.4133,120.19
D5AAE54DB9AA0EB0,Key 8d,0.8,Key 5m,0.5078,Key 8d,0.8276,Key 8d,0.8144,Key 7d,0.7736,Key 7d,0.8024,Key 7d,0.7835,120.99,2.4937,120.89
D5CDD75C13D0D4F7,Key 12m,0.8111,Key 12m,0.7735,Key 12m,0.8296,Key 12m,0.7467,Key 12m,0.7961,Key 12m,0.626,Key 12m,0.7627,119.98,3.4832,120.19
D73062E5557C730F,Key 8m,0.7834,Key 8m,0.8026,Key 8m,0.7843,Key 8m,0.8151,Key 8m,0.7189,Key 8m,0.7643,Key 8m,0.7804,128.02,2.235,128.4
D8F8531EF1F82D4C,Key 6m,0.7725,Key 6m,0.8088,Key 7d,0.8258,Key 7d,0.8032,Key 7d,0.7649,Key 7d,0.8338,Key 6d,0.9025,125.02,3.0576,125.28
DAB620B71FE46FD6,Key 4m,0.864,Key 4m,0.7928,Key 4m,0.8325,Key 4m,0.7646,Key 4m,0.8665,Key 3d,0.6842,Key 3m,0.7246,113.99,2.9097,114.21
DB44FAAD8317917B,Key 12m,0.9599,Key 12m,0.9699,Key 12m,0.9078,Key 12m,0.9817,Key 12m,0.9078,Key 11d,0.7065,Key 12m,0.787,123.09,2.5111,123.05
DBAB55A461013181,Key 2d,0.8003,Key 2m,0.7477,Key 2d,0.852,Key 2d,0.831,Key 2d,0.8288,Key 1d,0.7983,Key 1d,0.8644,119.95,1.7394,120.19
DC02BB77C8212A52,Key 12m,0.8615,Key 12m,0.8311,Key 12m,0.8614,Key 12m,0.7703,Key 12m,0.8198,Key 12d,0.6185,Key 11m,0.8898,119.0,2.9931,118.8
DC08137A23A8469D,Key 6d,0.8048,Key 6m,0.6938,Key 5d,0.8359,Key 6d,0.8745,Key 5d,0.8522,Key 6d,0.8304,Key 5d,0.8492,123.99,2.6169,123.78
DCB67284F1C9495E,Key 4m,0.7983,Key 4m,0.8115,Key 4m,0.8426,Key 4m,0.8442,Key 4m,0.7186,Key 4d,0.8777,Key 4m,0.8677,126.0,2.4722,126.05
DD24B6F784F34BE3,Key 2m,0.9632,Key 2m,0.9604,Key 2m,0.9452,Key 2m,0.9548,Key 2m,0.9077,Key 2d,0.7609,Key 2m,0.8921,110.16,3.3638,109.96
DF2ADE8C94D51A02,Key 12m,0.9482,Key 12m,0.9391,Key 12m,0.9017,Key 12m,0.9091,Key 12m,0.9029,Key 11d,0.7131,Key 11m,0.8287,120.0,1.7981,120.19
DF5BAB509EB6AB86,Key 5m,0.8671,Key 5m,0.8555,Key 4m,0.8179,Key 5m,0.8587,Key 5m,0.8046,Key 4d,0.8094,Key 4m,0.8307,123.79,2.6727,123.78
DFBA85DD41B77838,Key 4m,0.9154,Key 4m,0.9157,Key 4m,0.9116,Key 4m,0.8823,Key 4m,0.8537,Key 4d,0.6922,Key 4m,0.8214,97.95,1.9472,97.97
E0496ABB8A7468B7,Key 9d,0.7157,Key 8m,0.7409,Key 8d,0.8317,Key 8d,0.8344,Key 8d,0.7736,Key 8d,0.9399,Key 8d,0.9863,117.98,1.2128,118.12
E06B27FFE5FD1A73,Key 6d,0.791,Key 4m,0.6138,Key 5d,0.8629,Key 5d,0.8512,Key 5d,0.8131,Key 5d,0.9194,Key 5d,0.9369,133.76,1.3217,134.23
E1578958273738B2,Key 9m,0.7462,Key 9m,0.7995,Key 9d,0.7792,Key 9m,0.8116,Key 9d,0.7288,Key 9d,0.8755,Key 9m,0.8863,123.56,1.0974,125.28
E199F94246DC808F,Key 8m,0.7669,Key 8m,0.7827,Key 7m,0.759,Key 8m,0.8094,Key 8m,0.6883,Key 7d,0.6953,Key 7d,0.7981,113.96,2.6262,114.21
E1AEA68E27474ED4,Key 9m,0.9137,Key 9m,0.9464,Key 9m,0.8844,Key 9m,0.9577,Key 9m,0.8252,Key 9d,0.7836,Key 9m,0.8398,116.99,2.3311,116.79
E1C641DCCDFDD8C8,Key 6m,0.8793,Key 6m,0.8952,Key 6m,0.8502,Key 6m,0.9247,Key 6m,0.7889,Key 5d,0.8283,Key 5d,0.8589,120.98,1.9196,120.89
E2E77C90489E90B7,Key 10d,0.9343,Key 7m,0.8715,Key 7m,0.8947,Key 10d,0.8396,Key 7m,0.9337,Key 10d,0.6415,Key 7m,0.8939,117.1,2.7712,116.79
E3313CDCE9840BC5,Key 8d,0.757,Key 8m,0.5829,Key 8d,0.8307,Key 8d,0.8448,Key 8d,0.7685,Key 8d,0.9334,Key 8d,0.8345,122.05,1.6867,122.32
E467A2579072D4BC,Key 12m,0.9309,Key 12m,0.9262,Key 12m,0.9182,Key 12m,0.8874,Key 12m,0.8971,Key 12d,0.6623,Key 12m,0.8324,120.99,2.6233,120.89
E4DC58AA7B1DF31E,Key 11m,0.812,Key 11m,0.8348,Key 11m,0.8406,Key 11m,0.8133,Key 11m,0.7525,Key 11d,0.8038,Key 11m,0.8905,118.0,2.3693,118.12
E534940AE7D7DECC,Key 11d,0.7993,Key 9m,0.7365,Key 11d,0.85,Key 11d,0.7643,Key 11d,0.816,Key 11d,0.7034,Key 9m,0.8607,120.02,1.8738,120.19
E55678B9533CB189,Key 1d,0.8746,Key 1m,0.7237,Key 1d,0.9424,Key 1d,0.9435,Key 1d,0.8996,Key 1d,0.9272,Key 12d,0.9163,125.14,1.6694,125.28
E5EC4C8DDB60F85C,Key 2m,0.8859,Key 2m,0.8725,Key 2m,0.8822,Key 2m,0.8309,Key 2m,0.83,Key 2d,0.7021,Key 1m,0.9323,125.84,0.861,126.05
E66658C1D3D21605,Key 10m,0.9308,Key 10m,0.9365,Key 10m,0.889,Key 10m,0.9158,Key 10m,0.8968,Key 10m,0.7009,Key 10m,0.8298,125.02,2.8989,125.28
E6F780AAFA6BE763,Key 1m,0.9259,Key 1m,0.9033,Key 1m,0.9071,Key 1m,0.9063,Key 1m,0.8967,Key 12d,0.712,Key 12m,0.7624,137.13,2.2942,136.9
E78372A6A1E071CA,Key 7d,0.9123,Key 7m,0.7811,Key 7d,0.9465,Key 7d,0.9644,Key 7d,0.9512,Key 7d,0.8813,Key 7d,0.8419,124.91,1.5769,125.28
E785D78D410B38EC,Key 12m,0.9482,Key 12m,0.9138,Key 12m,0.9401,Key 12m,0.8157,Key 12m,0.9686,Key 12m,0.6606,Key 12m,0.8936,121.96,2.1993,121.96
E787A0DD5AA3F688,Key 11d,0.8574,Key 11m,0.7782,Key 11d,0.9445,Key 11d,0.942,Key 11d,0.9067,Key 11d,0.9514,Key 11d,0.9301,126.0,2.1904,126.05
E79D41CCE2731E1C,Key 1d,0.7372,Key 1m,0.7211,Key 1d,0.8331,Key 1d,0.857,Key 1d,0.8307,Key 1d,0.8456,Key 1d,0.8715,110.0,2.6359,109.96
E7B99ED5908B2FB0,Key 3m,0.7167,Key 3m,0.7659,Key 3d,0.7329,Key 3m,0.7644,Key 3d,0.7325,Key 3d,0.6978,Key 3d,0.7351,112.19,2.4796,112.35
E869256769BD027D,Key 7m,0.9593,Key 7m,0.9601,Key 7m,0.9212,Key 7m,0.9398,Key 7m,0.9307,Key 7m,0.6809,Key 7m,0.8563,123.0,2.9033,123.05
E88EE00C7D621D56,Key 12m,0.8107,Key 12m,0.8759,Key 12d,0.8828,Key 12m,0.8982,Key 12d,0.8616,Key 12d,0.8925,Key 12d,0.897,130.02,1.6315,130.01
EA7AE05764D345B1,Key 3d,0.7725,Key 3m,0.5597,Key 3d,0.7844,Key 3d,0.7984,Key 3d,0.7491,Key 3d,0.7963,Key 3d,0.7937,117.05,3.1109,116.79
EAD59D57121C383B,Key 5m,0.7925,Key 5m,0.8336,Key 5m,0.8184,Key 5m,0.8693,Key 5m,0.6997,Key 5m,0.8438,Key 5m,0.8187,125.9,1.6835,126.05
EB374DC192EA65F1,Key 4m,0.8948,Key 4m,0.8806,Key 4m,0.8493,Key 4m,0.8567,Key 4m,0.8419,Key 3d,0.7953,Key 3m,0.8927,125.93,2.6017,126.05
EB6BDDD46026E033,Key 10m,0.8117,Key 10m,0.8731,Key 10d,0.8208,Key 10m,0.8596,Key 10d,0.7939,Key 10d,0.8376,Key 10d,0.9146,118.4,3.1462,120.19
ED01A1377BB828D4,Key 6d,0.7249,Key 6m,0.7675,Key 6d,0.8537,Key 6d,0.8371,Key 6d,0.8205,Key 6d,0.8845,Key 6d,0.9551,123.62,2.2918,123.78
ED5428EECDCCB5DC,Key 2m,0.9305,Key 2m,0.9506,Key 2m,0.9114,Key 2m,0.9478,Key 2m,0.8722,Key 2d,0.7758,Key 2m,0.9031,112.99,2.8858,112.96
EDD5234D8D0E6A4C,Key 2m,0.927,Key 2m,0.9006,Key 2m,0.8764,Key 2m,0.8463,Key 2m,0.9083,Key 1d,0.6752,Key 1m,0.8777,128.19,1.7083,127.6
EEC86D0C2EC2A9B7,Key 1m,0.8732,Key 1m,0.8655,Key 12m,0.8788,Key 1m,0.8287,Key 12m,0.8457,Key 1m,0.7155,Key 12m,0.9351,124.52,3.067,124.91
EF2F94C0D2372251,Key 9m,0.9416,Key 9m,0.9312,Key 9m,0.9447,Key 9m,0.9217,Key 9m,0.89,Key 9d,0.7542,Key 9m,0.8534,109.99,3.9024,109.96
EF4C054B23D7E4DF,Key 1d,0.751,Key 11m,0.7011,Key 12d,0.8345,Key 12d,0.8079,Key 12d,0.7958,Key 12d,0.8549,Key 12d,0.9106,107.92,3.0273,108.23
EF8693AB5E7D9420,Key 2m,0.8919,Key 2m,0.8803,Key 2m,0.9082,Key 2m,0.8029,Key 2m,0.8679,Key 2d,0.7227,Key 2m,0.9319,136.83,1.6536,136.9
EFCEB9E3BA4890DA,Key 12d,0.772,Key 12m,0.7239,Key 12d,0.8425,Key 12d,0.8474,Key 12d,0.8502,Key 12d,0.7933,Key 12d,0.8189,115.98,2.9241,116.13
F00223D6C6B750AB,Key 11m,0.8193,Key 11m,0.7928,Key 11m,0.8426,Key 11m,0.7625,Key 11m,0.8057,Key 12d,0.6729,Key 12d,0.7841,117.97,2.9595,118.12
F025321382DA4E81,Key 11m,0.9288,Key 11m,0.9162,Key 11m,0.8856,Key 11m,0.9111,Key 11m,0.8664,Key 10d,0.7472,Key 10d,0.8302,119.95,1.5808,120.19
F09FDE2C9B315F6B,Key 8m,0.7641,Key 8m,0.7818,Key 7d,0.8207,Key 8m,0.821,Key 7d,0.7653,Key 7d,0.898,Key 7d,0.9221,116.49,3.2092,114.84
F0E1937D39E39F3D,Key 1m,0.7583,Key 1m,0.8002,Key 12d,0.8442,Key 1m,0.8616,Key 12d,0.8392,Key 12d,0.8581,Key 12d,0.9064,131.0,1.7941,130.83
F1387B1A3E935747,Key 10m,0.9301,Key 10m,0.9423,Key 10m,0.9206,Key 10m,0.9237,Key 10m,0.8562,Key 10d,0.8024,Key 10m,0.8689,94.44,3.3872,94.83
F189479E77E19F8B,Key 10m,0.9079,Key 10m,0.8626,Key 10m,0.8452,Key 10m,0.7906,Key 10m,0.9114,Key 10m,0.6524,Key 9m,0.8174,123.56,2.4619,123.78
F18D44762441D685,Key 1d,0.6591,Key 1m,0.5968,Key 1d,0.6619,Key 1d,0.7264,Key 1d,0.7464,Key 1d,0.6342,Key 1d,0.6507,120.02,2.4441,120.19
F1E5202A3AF2C305,Key 3d,0.7466,Key 3m,0.5845,Key 3d,0.7975,Key 3d,0.7507,Key 3d,0.7517,Key 2d,0.7036,Key 2d,0.6742,116.87,2.5873,116.79
F237F4D63AAEF7A0,Key 7m,0.6998,Key 6m,0.7308,Key 6d,0.7523,Key 6d,0.8124,Key 6d,0.7336,Key 6d,0.8797,Key 6d,0.7672,119.04,2.779,118.8
F288C91BA8E4E5E1,Key 9m,0.8631,Key 9m,0.877,Key 9m,0.8922,Key 9m,0.8778,Key 9m,0.7933,Key 9d,0.8515,Key 9m,0.9045,126.92,2.3865,126.82
F30FD573AA905C49,Key 11m,0.9064,Key 11m,0.8982,Key 11m,0.8836,Key 11m,0.8465,Key 11m,0.8582,Key 11m,0.7046,Key 10m,0.8942,124.15,3.1146,123.78
F451BE37AF8B29B0,Key 9m,0.909,Key 9m,0.9035,Key 9m,0.8625,Key 9m,0.8818,Key 9m,0.9029,Key 9m,0.6451,Key 9m,0.7399,122.12,3.0914,122.32
F62F66B68805BDBE,Key 12m,0.7899,Key 12m,0.8362,Key 12d,0.8143,Key 1m,0.8086,Key 12d,0.7867,Key 12d,0.8602,Key 12d,0.9133,117.82,1.9193,120.19
F63DC7BBD15590BC,Key 1m,0.7976,Key 1m,0.8107,Key 1m,0.7455,Key 1m,0.8662,Key 1m,0.7277,Key 12d,0.8026,Key 12d,0.7518,118.0,3.2549,118.12
F65FD0EC425C3CA1,Key 6m,0.8956,Key 6m,0.9022,Key 6m,0.8865,Key 6m,0.8207,Key 6m,0.9071,Key 7m,0.6563,Key 6m,0.8688,128.01,2.9904,127.6
F7D29E6DDEE800A2,Key 6m,0.8878,Key 6m,0.9254,Key 6m,0.8971,Key 6m,0.9327,Key 6m,0.7915,Key 6m,0.8379,Key 6m,0.8704,123.55,1.8957,123.78
F81B3909CBE1EB61,Key 4d,0.7884,Key 3m,0.7846,Key 4d,0.8518,Key 4d,0.776,Key 4d,0.8011,Key 3d,0.7621,Key 3d,0.8955,118.12,2.377,118.8
F8432D5DF2C13766,Key 9d,0.7752,Key 9m,0.7807,Key 8d,0.8375,Key 9m,0.8716,Key 8d,0.8381,Key 9d,0.8128,Key 8d,0.872,127.04,1.7053,126.82
F87842D38AE99551,Key 9m,0.7907,Key 9m,0.791,Key 9m,0.7414,Key 9m,0.7313,Key 9m,0.8003,Key 10m,0.6376,Key 9m,0.7169,120.01,2.3678,120.19
F94EE46059DEC13A,Key 9m,0.8527,Key 9m,0.8836,Key 9m,0.8078,Key 9m,0.866,Key 9m,0.8275,Key 9m,0.6788,Key 9m,0.7589,125.0,3.1002,125.28
F9CCC4AB6B1C5A54,Key 9m,0.7648,Key 9m,0.8049,Key 9m,0.6927,Key 9m,0.7554,Key 9m,0.7105,Key 9d,0.6799,Key 9m,0.7543,118.0,3.1229,118.12
FC20FA88486DA599,Key 2d,0.626,Key 2m,0.6401,Key 2d,0.6945,Key 2d,0.7149,Key 2d,0.6279,Key 2d,0.809,Key 2d,0.7153,123.82,2.1915,123.78
FD531212953B9F0D,Key 8d,0.9234,Key 8m,0.6616,Key 8d,0.9127,Key 8d,0.959,Key 8d,0.921,Key 8d,0.8656,Key 7d,0.7942,131.02,1.5309,130.83
FE30DE191A52F53D,Key 4m,0.9069,Key 4m,0.9389,Key 4m,0.8822,Key 4m,0.8728,Key 4m,0.8574,Key 4m,0.74,Key 4m,0.9381,123.0,2.1521,123.05
FE83082FF58824E7,Key 10m,0.9067,Key 10m,0.8917,Key 10m,0.8754,Key 10m,0.8611,Key 10m,0.8602,Key 10m,0.7565,Key 9m,0.826,107.04,2.5968,107.11
FEAE624ED7992809,Key 2m,0.8376,Key 2m,0.8414,Key 1m,0.827,Key 2m,0.8544,Key 2m,0.7575,Key 1d,0.8313,Key 1m,0.9128,122.06,2.0794,122.32
FEB17DCD707E506D,Key 7m,0.7591,Key 7m,0.753,Key 8d,0.8082,Key 8m,0.7488,Key 8d,0.7209,Key 8d,0.7874,Key 7m,0.8865,118.99,2.5953,118.8
FF4533FB215CA362,Key 11d,0.8897,Key 11m,0.7222,Key 11d,0.9245,Key 11d,0.9259,Key 11d,0.9318,Key 11d,0.824,Key 11d,0.8014,124.0,3.9577,123.78
FF70E3BB9A5FF4F3,Key 8d,0.7415,Key 8m,0.7429,Key 8d,0.8351,Key 8d,0.8806,Key 8d,0.7888,Key 8d,0.9099,Key 8d,0.8404,125.99,2.759,126.05
FF73ED1E1D9E2D51,Key 6m,0.7965,Key 6m,0.8298,Key 6m,0.7734,Key 6m,0.905,Key 5d,0.7511,Key 6d,0.7855,Key 5d,0.8241,131.99,1.1994,131.67
FFBC0AB56FE356D9,Key 1m,0.7761,Key 1m,0.7756,Key 12d,0.7581,Key 1m,0.8033,Key 12d,0.703,Key 12d,0.8587,Key 12d,0.784,104.02,3.4273,104.4
0002F679BA418CAA,Key 2d,0.6659,Key 3m,0.6458,Key 2d,0.8062,Key 2d,0.7553,Key 2d,0.7363,Key 2d,0.8182,Key 2d,0.8373,121.69,3.2398,121.6
0055EA86F7078C36,Key 4m,0.903,Key 4m,0.9091,Key 4m,0.8444,Key 4m,0.8675,Key 4m,0.8668,Key 3d,0.5715,Key 3m,0.7769,129.39,1.9747,129.2
0062C12EBBD5ECA8,Key 7m,0.8068,Key 7m,0.8256,Key 7m,0.8048,Key 8d,0.7574,Key 7m,0.7685,Key 8d,0.7649,Key 8d,0.8853,122.99,3.1239,123.05
007FD1AF98397066,Key 8m,0.8675,Key 8m,0.8395,Key 7m,0.8429,Key 8m,0.8376,Key 8m,0.8071,Key 7d,0.802,Key 7m,0.915,123.7,1.7058,123.78
0145505CEA9F61FF,Key 12d,0.7964,Key 12m,0.7178,Key 12d,0.8125,Key 12d,0.8537,Key 12d,0.8437,Key 12d,0.7764,Key 11d,0.7229,122.98,2.637,123.05
014D234E959CB075,Key 7d,0.8653,Key 4m,0.8042,Key 4m,0.7628,Key 7d,0.7858,Key 4m,0.8397,Key 7d,0.5602,Key 4m,0.7095,109.45,3.5178,109.38
01692406EBFD294B,Key 5m,0.7913,Key 5m,0.8403,Key 5m,0.8022,Key 5m,0.8021,Key 5m,0.6984,Key 5d,0.7722,Key 5m,0.8699,117.9,2.0004,118.12
019465D3643C4897,Key 1m,0.7929,Key 1m,0.7805,Key 1m,0.8617,Key 2d,0.7583,Key 2d,0.7938,Key 2d,0.7518,Key 2d,0.8748,111.47,3.5571,111.74
0216E09610CF651D,Key 1m,0.8306,Key 1m,0.8452,Key 1m,0.853,Key 1m,0.8407,Key 1m,0.7464,Key 1d,0.8136,Key 1d,0.9216,150.05,3.2916,149.8
0309ABE3B1F56439,Key 1m,0.8845,Key 1m,0.9062,Key 1m,0.9025,Key 1m,0.8816,Key 1m,0.8379,Key 1d,0.8028,Key 1m,0.8957,127.01,2.4205,126.82
056BB1EDF5E80113,Key 2d,0.7433,Key 3m,0.5663,Key 2d,0.8027,Key 2d,0.8182,Key 2d,0.8279,Key 2d,0.7732,Key 2d,0.7097,126.01,2.9104,126.05
0575419A2E6CA0A4,Key 3m,0.8873,Key 3m,0.8917,Key 3m,0.8765,Key 3m,0.8352,Key 3m,0.8394,Key 3d,0.7351,Key 3m,0.8929,89.49,1.9436,89.88
07741A03011E1BB5,Key 2m,0.3755,Key 2m,0.3876,Key 2m,0.4277,Key 2m,0.4211,Key 3m,0.3907,Key 2m,0.5713,Key 2m,0.4942,125.04,2.929,125.28
07742BC963820C46,Key 3m,0.9371,Key 3m,0.9463,Key 3m,0.886,Key 3m,0.9654,Key 3m,0.8752,Key 2d,0.7535,Key 3m,0.7919,129.86,2.074,130.01
07E79E43BE084C3A,Key 4d,0.6755,Key 5m,0.6946,Key 4d,0.7298,Key 4d,0.7457,Key 4d,0.7196,Key 4d,0.7511,Key 4d,0.6616,125.03,2.5361,125.28
08439A02DF1A9AFD,Key 10m,0.911,Key 10m,0.9312,Key 10m,0.9018,Key 10m,0.8959,Key 10m,0.8524,Key 10d,0.8497,Key 10m,0.9315,120.0,2.4097,120.19
08A6CCAE26C23727,Key 1m,0.8811,Key 1m,0.9179,Key 1m,0.8918,Key 1m,0.94,Key 1m,0.8015,Key 1d,0.8231,Key 1m,0.8533,122.02,2.9501,122.32
08BD83E96720653E,Key 11d,0.8104,Key 11m,0.7577,Key 11d,0.9006,Key 11d,0.8914,Key 11d,0.8582,Key 11d,0.9115,Key 11d,0.9558,118.38,2.4575,118.8
08F1F5EC326591AD,Key 8m,0.7598,Key 8m,0.8217,Key 8d,0.8341,Key 8d,0.8869,Key 8d,0.8175,Key 8d,0.9368,Key 8d,0.8886,118.58,1.7433,120.19
09376D4F66C3C9F0,Key 6m,0.8644,Key 6m,0.921,Key 6m,0.8629,Key 6m,0.9212,Key 6d,0.8021,Key 6d,0.8425,Key 6m,0.8851,119.98,2.1745,120.19
09A7D03CA9302E8D,Key 12m,0.7974,Key 12m,0.8067,Key 12m,0.823,Key 12m,0.8101,Key 12d,0.7482,Key 12d,0.7977,Key 12d,0.8577,125.02,2.9397,125.28
0ABB024F6D478966,Key 12m,0.8333,Key 12m,0.8573,Key 12m,0.8131,Key 12m,0.8461,Key 12d,0.7842,Key 12d,0.7433,Key 12d,0.8528,126.8,0.8188,126.82
0AD2023331278751,Key 2d,0.8365,Key 2m,0.8046,Key 2d,0.8935,Key 2d,0.9081,Key 2d,0.8765,Key 2d,0.8195,Key 2d,0.8001,127.87,3.2332,127.6
0B621477B8A7D2EC,Key 11m,0.7998,Key 11m,0.8169,Key 10m,0.8362,Key 11m,0.851,Key 10m,0.724,Key 10d,0.8958,Key 10d,0.9366,120.0,1.8492,120.19
0B96594B3C795661,Key 4d,0.9803,Key 1m,0.714,Key 4d,0.9686,Key 4d,0.9604,Key 4d,0.9873,Key 4d,0.8288,Key 3d,0.7733,123.59,2.2407,123.78
0CD11A830061EC94,Key 8m,0.8809,Key 8m,0.9226,Key 8m,0.9078,Key 8m,0.9589,Key 8m,0.7774,Key 8d,0.8835,Key 8m,0.8805,117.11,1.8009,116.79
0D3736BC4A750E53,Key 10m,0.8918,Key 10m,0.9137,Key 10m,0.8748,Key 10m,0.9136,Key 10m,0.8161,Key 10d,0.7972,Key 10m,0.86,123.99,3.0476,123.78
0DEE241A0C8838C7,Key 9d,0.8585,Key 7m,0.8301,Key 9d,0.8549,Key 9d,0.7627,Key 9d,0.8332,Key 8d,0.677,Key 7m,0.9054,114.42,1.3087,114.84
0F318D760842D049,Key 8m,0.866,Key 8m,0.8453,Key 8m,0.8551,Key 8m,0.7827,Key 7m,0.8341,Key 8m,0.6719,Key 7m,0.895,122.02,2.8264,122.32
10CFE3128605CD0C,Key 8m,0.8812,Key 8m,0.9003,Key 8m,0.9177,Key 8m,0.9263,Key 8m,0.8155,Key 8d,0.807,Key 8m,0.8876,119.99,3.0325,120.19
10E9296E73907B06,Key 1m,0.9586,Key 1m,0.9775,Key 1m,0.9367,Key 1m,0.9696,Key 1m,0.9103,Key 1m,0.7781,Key 1m,0.838,120.01,2.1373,120.19
11E443B22327627D,Key 9d,0.8258,Key 9m,0.8336,Key 9d,0.895,Key 9d,0.888,Key 9d,0.8948,Key 9d,0.804,Key 9d,0.8319,128.59,2.9143,128.4
1358E16BE3A17A16,Key 6m,0.7471,Key 5m,0.7288,Key 5m,0.7207,Key 6m,0.7411,Key 6m,0.709,Key 5d,0.6531,Key 5m,0.6958,123.99,2.7663,123.78
13A608DB0ADACEA8,Key 3m,0.7572,Key 3m,0.7149,Key 3m,0.6952,Key 3m,0.6936,Key 3m,0.7515,Key 2d,0.557,Key 3m,0.5313,128.11,2.2303,128.4
1471A80A7AF81A2B,Key 11m,0.9023,Key 11m,0.9298,Key 11m,0.9001,Key 11m,0.9441,Key 11m,0.8215,Key 11d,0.8532,Key 11m,0.8966,124.01,3.528,123.78
1488CC99DFD56341,Key 10m,0.8094,Key 11m,0.8226,Key 10m,0.8144,Key 11m,0.8311,Key 10m,0.7743,Key 10d,0.7616,Key 10d,0.8003,122.99,2.4698,123.05
15AAF9129E9097D9,Key 12m,0.91,Key 12m,0.875,Key 12m,0.9196,Key 12m,0.8275,Key 12m,0.9197,Key 1m,0.6747,Key 12m,0.812,130.02,1.2691,130.01
15DFBBABCC01DB5B,Key 2m,0.8427,Key 2m,0.8634,Key 2m,0.8438,Key 2m,0.8728,Key 2m,0.7842,Key 2d,0.8336,Key 2m,0.8315,117.0,1.8218,116.79
166EC6D01F2DED99,Key 9d,0.932,Key 6m,0.8222,Key 9d,0.856,Key 9d,0.8476,Key 6m,0.8983,Key 8d,0.7045,Key 6m,0.8455,116.92,1.5595,116.13
16BA3DE2723A987A,Key 11d,0.811,Key 11m,0.8097,Key 11d,0.8774,Key 11d,0.9068,Key 11d,0.8625,Key 11d,0.8992,Key 11d,0.8529,130.0,1.6745,130.01
17B4330D61A5C815,Key 11m,0.9145,Key 11m,0.8691,Key 11m,0.8587,Key 11m,0.8363,Key 11m,0.933,Key 11m,0.626,Key 11m,0.6675,122.99,2.9179,123.05
180C143AC2928700,Key 12d,0.7562,Key 12m,0.7391,Key 12d,0.8602,Key 12d,0.8644,Key 12d,0.8285,Key 12d,0.8915,Key 12d,0.8892,93.99,1.5103,93.96
182511C4C27EE861,Key 4m,0.9413,Key 4m,0.9319,Key 4m,0.9007,Key 4m,0.9069,Key 4m,0.9129,Key 4m,0.7246,Key 4m,0.7398,117.76,2.7911,118.12
18D5700DE4E9EEA8,Key 9m,0.8758,Key 9m,0.903,Key 9m,0.8318,Key 9m,0.9165,Key 9m,0.8036,Key 9m,0.8216,Key 9m,0.7904,117.89,2.265,118.12
1935E57E9552D995,Key 5m,0.65,Key 5m,0.5762,Key 5m,0.695,Key 5m,0.5793,Key 5m,0.6552,Key 5m,0.6653,Key 4m,0.606,124.0,1.9319,124.53
19CA5A21D96E2818,Key 10m,0.9061,Key 10m,0.8816,Key 10m,0.862,Key 10m,0.7911,Key 10m,0.903,Key 10m,0.6838,Key 10m,0.8165,125.02,3.3776,125.28
1AE21EF973CDAAE5,Key 12d,0.7539,Key 9m,0.6251,Key 9m,0.6972,Key 12d,0.678,Key 9m,0.7572,Key 12d,0.5922,Key 9m,0.6848,115.79,3.239,116.13
1B2B22180EFAB735,Key 8m,0.8889,Key 8m,0.896,Key 8m,0.8716,Key 8m,0.9189,Key 8m,0.8389,Key 8d,0.6707,Key 8m,0.6995,117.32,2.1726,117.45
1B657917DDE8715F,Key 10m,0.7708,Key 10m,0.8193,Key 10m,0.7724,Key 10m,0.8272,Key 10m,0.6918,Key 10d,0.7737,Key 10m,0.7893,122.41,2.7507,122.32
1BFEE25686980D5E,Key 12m,0.7897,Key 11m,0.8066,Key 11m,0.8163,Key 12m,0.82,Key 11d,0.744,Key 11d,0.8843,Key 11d,0.9353,117.0,2.8165,116.79
1C66AD2EF0F51069,Key 11m,0.9588,Key 11m,0.9432,Key 11m,0.9702,Key 11m,0.9182,Key 11m,0.9208,Key 11d,0.7327,Key 11m,0.914,131.98,1.9935,131.67
1CB511AB86A1CCAF,Key 12d,0.5259,Key 9m,0.5223,Key 9m,0.5144,Key 12d,0.5508,Key 12d,0.5077,Key 9m,0.7332,Key 9m,0.6161,125.99,2.4093,126.05
1D132A540BB1E3BB,Key 11m,0.8397,Key 11m,0.8815,Key 11d,0.8542,Key 11m,0.9237,Key 11d,0.8153,Key 11d,0.8245,Key 10d,0.9111,119.97,1.1488,120.19
1D64C96744B0A29D,Key 9m,0.895,Key 9m,0.9258,Key 9m,0.8653,Key 9m,0.9419,Key 9m,0.8201,Key 9d,0.785,Key 9m,0.8286,121.03,2.9642,120.89
1D9AA4601EDB0414,Key 1d,0.8095,Key 2m,0.7072,Key 1d,0.8875,Key 1d,0.8922,Key 1d,0.8905,Key 1d,0.8733,Key 1d,0.8645,126.01,2.2184,126.05
1E9D8ED92D9F196F,Key 2m,0.9712,Key 2m,0.9647,Key 2m,0.9498,Key 2m,0.9324,Key 2m,0.9223,Key 2m,0.7195,Key 2m,0.8917,120.02,2.3563,120.19
1F70D3B0E150A751,Key 4d,0.9485,Key 4m,0.6549,Key 4d,0.9752,Key 4d,0.9856,Key 4d,0.9791,Key 4d,0.9152,Key 4d,0.8583,100.86,3.3877,100.35
216C6CD0D8ED4FF3,Key 11m,0.9548,Key 11m,0.9607,Key 11m,0.9326,Key 11m,0.9547,Key 11m,0.9074,Key 11m,0.7332,Key 11m,0.8581,118.19,1.7734,120.19
2294DB4B174ED118,Key 12m,0.8574,Key 1m,0.8553,Key 12m,0.875,Key 1m,0.8185,Key 12m,0.8509,Key 12d,0.6744,Key 12m,0.8948,117.11,1.1184,116.79
23C40FC63B65D4C1,Key 11m,0.9516,Key 11m,0.9127,Key 11m,0.9416,Key 11m,0.8533,Key 11m,0.9573,Key 11m,0.7113,Key 11m,0.8922,117.97,2.1899,118.12
248D72C9CCB20056,Key 10d,0.9302,Key 10m,0.74,Key 10d,0.9535,Key 10d,0.9635,Key 10d,0.9623,Key 10d,0.8683,Key 10d,0.84,125.99,2.4529,126.05
24CC869366EA91D0,Key 10m,0.8753,Key 10m,0.8822,Key 10m,0.8956,Key 10m,0.8617,Key 10m,0.8038,Key 10d,0.805,Key 10m,0.9169,109.99,2.9699,109.96
2511CA917F76BFD9,Key 11m,0.78,Key 11m,0.7507,Key 12d,0.8494,Key 12d,0.756,Key 12d,0.7966,Key 11d,0.7016,Key 10m,0.9104,123.57,1.9986,123.78
2520C1C0F69312D5,Key 12d,0.8582,Key 12m,0.7504,Key 12d,0.9431,Key 12d,0.8806,Key 12d,0.901,Key 12d,0.8152,Key 11d,0.8944,119.98,2.7895,120.19
253B6E3462FB7E7B,Key 4m,0.8738,Key 4m,0.9061,Key 4m,0.8578,Key 4m,0.8965,Key 4m,0.8199,Key 4d,0.7995,Key 4m,0.8501,128.51,1.2023,128.4
26331470FB5B82FA,Key 11m,0.8418,Key 11m,0.8868,Key 11d,0.8691,Key 11m,0.9029,Key 11d,0.8187,Key 11d,0.9073,Key 11d,0.9378,133.75,1.8703,134.23
264E28DED667C5BD,Key 12m,0.9356,Key 12m,0.9518,Key 12m,0.901,Key 12m,0.9156,Key 12m,0.8774,Key 12d,0.7679,Key 12m,0.857,122.98,1.8509,123.05
2660F6523C5E5A2E,Key 3d,0.9396,Key 3m,0.6726,Key 3d,0.9608,Key 3d,0.9725,Key 3d,0.9581,Key 3d,0.8957,Key 2d,0.8495,119.98,1.6347,120.19
26633170F9D4C17F,Key 2m,0.9596,Key 2m,0.9402,Key 2m,0.9251,Key 2m,0.9286,Key 2m,0.9388,Key 2m,0.7218,Key 2m,0.786,114.98,2.2525,114.84
269C195EF4500C3B,Key 6m,0.8909,Key 6m,0.8981,Key 6m,0.8201,Key 6m,0.8512,Key 6m,0.8703,Key 6m,0.7027,Key 6m,0.769,93.32,2.7624,93.12
26F2DF07E1682CD2,Key 7m,0.8602,Key 7m,0.8875,Key 7m,0.8828,Key 7m,0.8772,Key 7m,0.7713,Key 7m,0.7479,Key 6m,0.8511,134.92,3.3972,132.94
27D894143F9508AB,Key 4d,0.9088,Key 4m,0.6922,Key 4d,0.9356,Key 4d,0.9626,Key 4d,0.9163,Key 4d,0.8989,Key 4d,0.8021,126.04,2.146,126.05
298B765C66628A1E,Key 9m,0.8543,Key 9m,0.8877,Key 9m,0.8511,Key 9m,0.8574,Key 9m,0.78,Key 9d,0.8159,Key 9d,0.8948,122.93,2.0608,123.05
2AAABD55836D4C24,Key 6d,0.9076,Key 3m,0.8374,Key 3m,0.8532,Key 6d,0.8226,Key 3m,0.9365,Key 6d,0.5921,Key 2m,0.7349,133.79,2.8905,134.23
2ABA40573EADB792,Key 5m,0.8976,Key 5m,0.8603,Key 5m,0.8927,Key 5m,0.8094,Key 5m,0.9147,Key 6m,0.6506,Key 5m,0.8347,103.95,1.4813,77.71
2AEBBC2D1954CEBC,Key 1m,0.8706,Key 1m,0.8619,Key 1m,0.855,Key 1m,0.8555,Key 1m,0.8127,Key 12d,0.7132,Key 12m,0.8306,98.42,0.7069,123.05
2B1775639471AB01,Key 8m,0.6749,Key 8m,0.624,Key 8m,0.722,Key 8m,0.6332,Key 8m,0.6712,Key 8d,0.5,Key 7m,0.6233,130.31,3.4265,130.83
2BD1B49B870E4407,Key 4m,0.9677,Key 4m,0.9452,Key 4m,0.9312,Key 4m,0.9209,Key 4m,0.9417,Key 4m,0.7437,Key 4m,0.7908,120.01,0.9653,120.19
2BD39B04738AE3B1,Key 1d,0.8675,Key 1m,0.7303,Key 1d,0.8928,Key 1d,0.9466,Key 1d,0.8969,Key 1d,0.891,Key 1d,0.7965,123.35,2.1735,123.78
2C2516EE14975ADC,Key 9d,0.6519,Key 9m,0.5845,Key 9d,0.6158,Key 9d,0.6562,Key 9d,0.6792,Key 9m,0.5047,Key 8d,0.4588,130.77,3.6104,130.83
2D29BBF6D48EBBEB,Key 12d,0.8277,Key 1m,0.7131,Key 12d,0.8546,Key 12d,0.8719,Key 12d,0.8767,Key 12d,0.843,Key 12d,0.7937,123.98,2.0518,123.78
2DA4F000FFE00C9B,Key 1m,0.8021,Key 1m,0.8618,Key 1d,0.8819,Key 1d,0.9049,Key 1d,0.8671,Key 1d,0.8904,Key 1d,0.8883,128.22,1.4178,126.82
2E19A46A360DA756,Key 7m,0.8529,Key 7m,0.8702,Key 7m,0.8848,Key 7m,0.8582,Key 7m,0.7929,Key 7d,0.8686,Key 7m,0.9155,116.91,2.0205,116.13
2EB10433CAD55948,Key 9m,0.9801,Key 9m,0.9476,Key 9m,0.9786,Key 9m,0.8958,Key 9m,0.9795,Key 9m,0.708,Key 9m,0.8611,110.96,2.2294,111.14
2FBA7DEDA127FF5C,Key 10m,0.8593,Key 10m,0.8803,Key 10m,0.8725,Key 10m,0.8442,Key 10m,0.8098,Key 10d,0.7886,Key 10m,0.8851,128.2,2.0935,128.4
2FCE90810D43D250,Key 2m,0.8912,Key 2m,0.8367,Key 2m,0.848,Key 2m,0.801,Key 2m,0.899,Key 2m,0.6979,Key 2m,0.7101,121.99,2.7734,122.32
302F0B1F50D10983,Key 12m,0.7563,Key 12m,0.78,Key 12m,0.7394,Key 12m,0.7232,Key 12m,0.7531,Key 1m,0.6477,Key 1d,0.6713,121.02,2.5463,120.89
31DEE138BC3F0EAA,Key 3m,0.7777,Key 3m,0.7509,Key 3m,0.726,Key 3m,0.7494,Key 3m,0.7637,Key 4m,0.5721,Key 3m,0.5178,121.01,3.2674,120.89
3593352EB5B1F992,Key 1d,0.9395,Key 10m,0.638,Key 1d,0.943,Key 1d,0.9599,Key 1d,0.9505,Key 1d,0.8708,Key 12d,0.8359,123.96,2.3935,123.78
35DC97DB30C08D8A,Key 3m,0.861,Key 3m,0.8533,Key 3m,0.8713,Key 3m,0.8406,Key 3m,0.8032,Key 3d,0.8019,Key 3m,0.9146,111.95,1.1455,111.74
35FF2AC3C03930B3,Key 1d,0.8677,Key 2m,0.5726,Key 1d,0.9116,Key 1d,0.9441,Key 1d,0.9062,Key 1d,0.8892,Key 1d,0.8179,122.42,1.3461,82.03
382005B23C1D7E9F,Key 6m,0.9094,Key 6m,0.8949,Key 6m,0.8796,Key 6m,0.8338,Key 6m,0.8905,Key 6d,0.6628,Key 6m,0.8993,117.91,1.7809,118.12
38BA7B097FF2D34F,Key 5m,0.8683,Key 5m,0.8962,Key 5m,0.8302,Key 5m,0.9423,Key 5m,0.7713,Key 4d,0.8277,Key 4d,0.8443,125.0,1.9262,125.28
38C524D2E5DB34AB,Key 9m,0.9253,Key 9m,0.8704,Key 9m,0.8769,Key 9m,0.8392,Key 9m,0.9353,Key 8d,0.5985,Key 8m,0.7364,133.03,2.9957,133.37
39BAACDDD3787B7A,Key 9m,0.8294,Key 9m,0.8523,Key 9m,0.8257,Key 9m,0.8181,Key 9m,0.7738,Key 9d,0.7315,Key 9m,0.8986,117.01,2.1412,116.79
3BA5F56BC7360BBD,Key 3m,0.8542,Key 3m,0.8498,Key 3m,0.8555,Key 3m,0.7814,Key 3m,0.8099,Key 3m,0.7691,Key 3m,0.9115,135.29,1.7296,134.23
3C9A69D363D15BC0,Key 5m,0.7909,Key 5m,0.7761,Key 5m,0.7718,Key 5m,0.7335,Key 5m,0.753,Key 5m,0.7771,Key 4m,0.6953,120.01,3.0362,120.19
3CAD09F73E42E0AB,Key 1d,0.886,Key 10m,0.7641,Key 1d,0.8439,Key 1d,0.8267,Key 1d,0.9002,Key 1d,0.6558,Key 10m,0.7033,119.04,1.2013,119.15
3D049E7DC8D6F93B,Key 3m,0.9624,Key 3m,0.9277,Key 3m,0.8963,Key 3m,0.8609,Key 3m,0.9771,Key 3m,0.6216,Key 3m,0.7871,125.01,2.7996,125.28
3D620329B8D0A520,Key 2m,0.7916,Key 2m,0.81,Key 2m,0.7122,Key 2m,0.8078,Key 2m,0.7592,Key 2m,0.6794,Key 2m,0.6371,122.97,0.7003,123.05
3DD0D7F9D1E50678,Key 1m,0.7391,Key 1m,0.7833,Key 1d,0.8416,Key 1d,0.8546,Key 1d,0.8027,Key 1d,0.9536,Key 1d,0.9476,118.55,2.5189,120.19
3E5774F3F7048483,Key 11m,0.956,Key 11m,0.9185,Key 11m,0.9049,Key 11m,0.8671,Key 11m,0.9768,Key 11m,0.675,Key 11m,0.7455,120.0,2.347,120.19
3ECA64B01BFE8FC3,Key 5m,0.7791,Key 4m,0.8013,Key 4m,0.7721,Key 5m,0.7882,Key 4m,0.7168,Key 4d,0.8008,Key 4m,0.8432,123.99,1.5802,82.69
3F3162C9AFC5DAD7,Key 9m,0.9607,Key 9m,0.9575,Key 9m,0.9275,Key 9m,0.9082,Key 9m,0.9329,Key 9m,0.7135,Key 9m,0.8938,122.02,2.8796,122.32
3F66709677E5FD10,Key 12d,0.7996,Key 12m,0.6149,Key 12d,0.7874,Key 12d,0.8606,Key 12d,0.7669,Key 12d,0.8607,Key 11d,0.7402,124.92,3.0787,125.28
3F7D2B1E3C9F7AD6,Key 9m,0.8278,Key 9m,0.8131,Key 9m,0.76,Key 9m,0.8377,Key 9m,0.7582,Key 8d,0.8809,Key 8d,0.8334,120.04,1.1678,120.19
3FC1D10C4232E18A,Key 11m,0.7883,Key 10m,0.7664,Key 10m,0.8041,Key 11m,0.7944,Key 11m,0.7193,Key 10d,0.9025,Key 10d,0.9077,132.94,2.265,133.37
4037FE4D70AB3631,Key 11m,0.8769,Key 11m,0.8845,Key 11m,0.9072,Key 11m,0.8393,Key 11m,0.8212,Key 11d,0.836,Key 11m,0.9608,123.01,3.2134,123.05
4176BE0601188FE8,Key 2m,0.8606,Key 2m,0.8964,Key 2m,0.8492,Key 2m,0.8981,Key 2m,0.7941,Key 2d,0.8446,Key 2m,0.831,124.15,2.9289,124.53
41A551BAEB36490D,Key 1m,0.9392,Key 1m,0.9189,Key 1m,0.8826,Key 1m,0.8761,Key 1m,0.9298,Key 1m,0.7233,Key 1m,0.7864,120.02,2.3923,120.19
42E24D587F0704D8,Key 1m,0.9032,Key 1m,0.9203,Key 1m,0.9059,Key 1m,0.9157,Key 1m,0.8369,Key 1d,0.8515,Key 1d,0.8916,101.89,2.1463,101.83
4300A02512D36A1E,Key 7d,0.6904,Key 7m,0.7365,Key 7d,0.7684,Key 7d,0.8078,Key 7d,0.7244,Key 7d,0.8609,Key 7d,0.7956,123.03,2.897,123.05
432DDF30DEF0C399,Key 1m,0.8263,Key 1m,0.8357,Key 1m,0.813,Key 1m,0.8509,Key 1m,0.7433,Key 12d,0.7999,Key 1m,0.7942,122.98,2.913,123.05
44A1753F543400D0,Key 9m,0.9005,Key 9m,0.8983,Key 9m,0.8806,Key 9m,0.8294,Key 9m,0.8787,Key 9d,0.7163,Key 9m,0.9169,119.02,2.9262,118.8
44E9B76691489766,Key 5m,0.9056,Key 5m,0.8796,Key 5m,0.9022,Key 5m,0.7835,Key 5m,0.9227,Key 5d,0.5888,Key 5m,0.8827,121.01,2.9149,120.89
452361605135D100,Key 11m,0.9218,Key 11m,0.9146,Key 11m,0.922,Key 11m,0.8743,Key 11m,0.9007,Key 11m,0.7736,Key 11m,0.9083,110.0,1.3507,109.96
460BACC52EB03A1A,Key 2m,0.9537,Key 2m,0.9643,Key 2m,0.9077,Key 2m,0.9251,Key 2m,0.9042,Key 2m,0.7536,Key 2m,0.8691,125.07,1.8324,125.28
465947DADD362158,Key 1m,0.8252,Key 1m,0.8614,Key 1m,0.7903,Key 1m,0.9073,Key 12d,0.752,Key 12d,0.7866,Key 12d,0.8546,123.56,2.4584,123.78
470A1860AEAA1392,Key 12m,0.8244,Key 12m,0.8719,Key 12m,0.752,Key 12m,0.821,Key 12m,0.7966,Key 12d,0.6655,Key 12m,0.7773,118.52,1.4865,120.19
480A48B019FE6E76,Key 5m,0.8405,Key 5m,0.8528,Key 5m,0.8368,Key 5m,0.7882,Key 5m,0.809,Key 5m,0.6269,Key 5m,0.7616,123.87,3.1534,123.78
485E79B919CFA501,Key 2m,0.8241,Key 2m,0.8456,Key 2m,0.8299,Key 2m,0.8149,Key 2m,0.7679,Key 2d,0.8033,Key 2d,0.8627,129.88,1.9802,130.01
49FAB4A481EA5430,Key 10m,0.9407,Key 10m,0.9292,Key 10m,0.9491,Key 10m,0.8698,Key 10m,0.9208,Key 10d,0.7099,Key 10m,0.9056,123.13,3.3447,123.05
4A6173BA6EDA3E17,Key 9d,0.8563,Key 9m,0.7262,Key 9d,0.912,Key 9d,0.9491,Key 9d,0.893,Key 9d,0.9468,Key 9d,0.8728,120.92,1.7253,120.89
4AD3E818EBB15070,Key 3m,0.6366,Key 2m,0.5772,Key 2d,0.6361,Key 2d,0.68,Key 3m,0.6041,Key 2d,0.7987,Key 2d,0.7633,123.98,3.4896,123.78
4B7BCE101F0C5705,Key 12m,0.755,Key 12m,0.7782,Key 12d,0.7787,Key 12m,0.8253,Key 12d,0.7405,Key 11d,0.8323,Key 11d,0.8676,148.75,1.3164,74.36
4C0C21464BE6AAC7,Key 7d,0.6314,Key 3m,0.4385,Key 7d,0.6357,Key 7d,0.661,Key 7d,0.6389,Key 7d,0.6678,Key 7d,0.5578,112.97,3.0034,112.96
4C5AA18B64864165,Key 8m,0.8264,Key 8m,0.8339,Key 8m,0.8466,Key 8m,0.8335,Key 8m,0.787,Key 8m,0.7639,Key 8m,0.881,119.0,2.466,118.8
4CA015B06EE4512F,Key 1m,0.7256,Key 1m,0.799,Key 1d,0.7851,Key 1d,0.8044,Key 1d,0.7781,Key 1d,0.788,Key 1d,0.8251,115.0,3.2655,114.84
4D24CEA1A632921F,Key 10m,0.6621,Key 9m,0.6695,Key 9m,0.6887,Key 9m,0.6616,Key 10m,0.6988,Key 9m,0.8129,Key 9m,0.7355,118.01,2.6278,118.12
4DD2259D7BF5CBEE,Key 9d,0.4324,Key 6m,0.3373,Key 9d,0.3956,Key 9d,0.4249,Key 9d,0.3986,Key 10m,0.4325,Key 9d,0.3377,119.02,3.0549,118.8
4E23F5999F4ADA54,Key 9m,0.7283,Key 9m,0.7961,Key 9m,0.698,Key 9m,0.8969,Key 9d,0.6857,Key 8d,0.7337,Key 8d,0.6971,122.12,2.8848,122.32
4EAEF206AC1D3A00,Key 4m,0.8569,Key 4m,0.8548,Key 4m,0.8917,Key 4m,0.9059,Key 4m,0.775,Key 4d,0.8334,Key 3d,0.8167,125.02,1.609,125.28
4F1A1C84302A5643,Key 1m,0.9002,Key 1m,0.8947,Key 1m,0.9366,Key 1m,0.8688,Key 1m,0.8841,Key 1d,0.7077,Key 1m,0.898,119.99,3.354,120.19
4F97745F1350A7F2,Key 11m,0.7706,Key 11m,0.6955,Key 11m,0.7127,Key 11m,0.6661,Key 11m,0.7845,Key 10d,0.6223,Key 10m,0.7175,120.01,2.5879,120.19
4FA902E3391D9161,Key 2d,0.8414,Key 11m,0.6975,Key 1d,0.8406,Key 1d,0.8094,Key 11m,0.8094,Key 1d,0.835,Key 12d,0.8535,128.98,3.0374,129.2
500F6975EB363494,Key 2m,0.9405,Key 2m,0.9447,Key 2m,0.9649,Key 2m,0.9576,Key 2m,0.8855,Key 2d,0.7729,Key 2m,0.8766,94.33,2.0708,94.39
5054161723F1344A,Key 1m,0.9607,Key 1m,0.9582,Key 1m,0.9469,Key 1m,0.9213,Key 1m,0.9282,Key 1d,0.7187,Key 1m,0.8982,124.01,2.7846,123.78
50A022C2E70C901B,Key 1d,0.8839,Key 1m,0.6671,Key 1d,0.9154,Key 1d,0.9694,Key 1d,0.9241,Key 1d,0.913,Key 1d,0.8561,126.01,2.7619,126.05
50E6A69C3634182A,Key 4m,0.8186,Key 4m,0.8258,Key 4m,0.8571,Key 4m,0.7992,Key 4m,0.7372,Key 4d,0.7872,Key 4m,0.8922,133.24,2.7298,133.37
5141F49D0DFBA52A,Key 10m,0.8954,Key 10m,0.8913,Key 10m,0.8678,Key 10m,0.8108,Key 10m,0.9119,Key 10m,0.6682,Key 10m,0.808,123.0,2.6413,123.05
520C6A3A56367859,Key 2m,0.8673,Key 2m,0.896,Key 2m,0.8193,Key 2m,0.9422,Key 2m,0.7768,Key 1d,0.7977,Key 1d,0.8231,84.97,2.3919,84.72
523903D4C3E6473D,Key 9d,0.8317,Key 9m,0.7111,Key 9d,0.9137,Key 9d,0.9363,Key 9d,0.8814,Key 9d,0.9863,Key 9d,0.9291,111.0,3.5389,111.14
524C9604FC6549AE,Key 8m,0.8057,Key 8m,0.8234,Key 8m,0.8247,Key 8m,0.8245,Key 8d,0.7785,Key 8d,0.8355,Key 8d,0.8903,128.99,2.2755,129.2
527A3F0165F276D2,Key 9m,0.7657,Key 9m,0.8055,Key 9m,0.6924,Key 9m,0.7567,Key 9m,0.7126,Key 9d,0.6779,Key 9m,0.7591,118.0,3.378,118.12
52C0CD1F4BE7F58F,Key 3m,0.7963,Key 3m,0.7935,Key 3m,0.7559,Key 3m,0.815,Key 3m,0.7457,Key 3m,0.6967,Key 2d,0.6524,123.75,1.714,124.16
52CC025E20F6240D,Key 1m,0.7852,Key 1m,0.8408,Key 1d,0.8853,Key 1d,0.8782,Key 1d,0.8496,Key 1d,0.8967,Key 1d,0.9283,128.35,2.2384,128.4
53630469057C2991,Key 11m,0.7829,Key 11m,0.7991,Key 12d,0.848,Key 12m,0.7881,Key 12d,0.7727,Key 11d,0.8609,Key 11d,0.9738,128.99,1.0577,129.2
53887FE8DE3E61C9,Key 7d,0.8008,Key 6m,0.7682,Key 7d,0.8415,Key 7d,0.7753,Key 7d,0.8105,Key 7d,0.715,Key 6d,0.8714,108.83,2.597,108.8
540F34976C192B42,Key 11m,0.8224,Key 11m,0.8591,Key 11m,0.8158,Key 11m,0.904,Key 11m,0.7206,Key 11d,0.8664,Key 11m,0.8178,114.96,3.1543,114.84
55F816AA0CBBEDB0,Key 1m,0.74,Key 1m,0.7362,Key 1m,0.8125,Key 1m,0.6987,Key 1m,0.6699,Key 1d,0.7692,Key 1d,0.8695,126.99,2.2857,126.82
568D70A4A1CE7A12,Key 10m,0.8799,Key 10m,0.8778,Key 10m,0.8705,Key 10m,0.8428,Key 10m,0.8129,Key 10d,0.7567,Key 9m,0.8892,118.03,1.2711,118.12
57018B55099B6D2E,Key 3m,0.7054,Key 3m,0.6778,Key 3m,0.7085,Key 3m,0.6741,Key 3m,0.6489,Key 2d,0.5378,Key 2d,0.6297,112.5,3.2974,113.58
57128F04991AE3CC,Key 2m,0.8013,Key 2m,0.8595,Key 2d,0.7842,Key 2m,0.9194,Key 2d,0.7696,Key 2m,0.7378,Key 1d,0.7641,123.1,3.6357,123.05
5771C71F6D0F631C,Key 4m,0.9437,Key 4m,0.9099,Key 4m,0.9426,Key 4m,0.8509,Key 4m,0.9395,Key 4m,0.7927,Key 4m,0.827,117.16,3.169,116.79
5945D30199512AFA,Key 11m,0.8834,Key 11m,0.9172,Key 11m,0.8803,Key 11m,0.9315,Key 11m,0.7872,Key 11d,0.8849,Key 11m,0.8976,103.0,1.8241,102.34
596127ABBC0D0ADB,Key 10d,0.801,Key 11m,0.6924,Key 10d,0.8707,Key 10d,0.8843,Key 10d,0.8736,Key 10d,0.8779,Key 10d,0.851,117.96,2.7135,118.12
5A1B6D51BAE14FCA,Key 10m,0.8702,Key 10m,0.9049,Key 10m,0.8463,Key 10m,0.9219,Key 10m,0.7674,Key 9d,0.7762,Key 9d,0.8777,116.01,3.5364,116.13
5A278E3189BEE4D1,Key 6d,0.7028,Key 6m,0.7038,Key 6d,0.6725,Key 6m,0.7085,Key 6d,0.7374,Key 6d,0.5908,Key 6d,0.5737,147.19,0.9304,147.66
5A7139B203A4BC30,Key 11m,0.8478,Key 11m,0.8886,Key 11d,0.8149,Key 11m,0.9457,Key 11d,0.7706,Key 10d,0.8419,Key 10d,0.8628,124.0,2.8844,123.78
5A9BF3C185DF24EB,Key 2m,0.8341,Key 2m,0.8205,Key 2m,0.8528,Key 2m,0.7742,Key 2m,0.7724,Key 2d,0.7282,Key 1m,0.9086,120.03,2.5675,119.84
5ADAE87D89FC969B,Key 1m,0.869,Key 1m,0.9003,Key 1m,0.9031,Key 1m,0.8889,Key 1m,0.7855,Key 1d,0.8442,Key 1d,0.9184,125.98,2.7766,126.05
5ADCCB53D961D8BC,Key 5m,0.819,Key 5m,0.879,Key 5d,0.8036,Key 5m,0.8858,Key 5d,0.7841,Key 5d,0.762,Key 5d,0.8339,122.97,2.7855,123.05
5AEE4E32856F28B8,Key 4d,0.8232,Key 4m,0.6468,Key 4d,0.8627,Key 4d,0.8709,Key 4d,0.8477,Key 4d,0.8293,Key 4d,0.7918,125.99,1.6018,126.05
5BA2330A0B253778,Key 10m,0.8065,Key 10m,0.779,Key 10m,0.8281,Key 10m,0.7322,Key 10m,0.8119,Key 10d,0.5965,Key 10m,0.7364,122.41,1.9822,122.32
5C8D5C366A147A5F,Key 10d,0.8272,Key 10m,0.7901,Key 10d,0.8895,Key 10d,0.9176,Key 10d,0.8821,Key 10d,0.917,Key 10d,0.8687,121.99,2.271,122.32
5CCDC20B047FFD66,Key 6m,0.8995,Key 6m,0.8847,Key 6m,0.8929,Key 6m,0.8688,Key 6m,0.8744,Key 6m,0.6963,Key 6m,0.7993,131.01,2.3106,130.83
5CD77C179587250F,Key 4m,0.9136,Key 4m,0.9465,Key 4m,0.8802,Key 4m,0.9775,Key 4m,0.8218,Key 4d,0.7749,Key 4m,0.8173,123.0,1.4339,123.05
5D4E1CBF05F9ABD7,Key 1m,0.9509,Key 1m,0.9008,Key 1m,0.915,Key 1m,0.8833,Key 1m,0.958,Key 1m,0.6366,Key 1m,0.732,123.53,1.4771,123.78
5DE7922B6C97D58E,Key 1d,0.7801,Key 1m,0.7633,Key 1d,0.8508,Key 1d,0.8543,Key 1d,0.827,Key 1d,0.8092,Key 1d,0.8769,128.01,3.5545,128.4
5E92A12B4203D93C,Key 2d,0.6615,Key 12m,0.5769,Key 2d,0.7653,Key 1d,0.6898,Key 2d,0.6548,Key 1d,0.6953,Key 1d,0.7898,119.97,2.8729,120.19
5F59829A39B08FA2,Key 1m,0.8003,Key 1m,0.8512,Key 1m,0.8583,Key 1m,0.8301,Key 1m,0.7522,Key 1m,0.8693,Key 1m,0.8451,125.01,3.0284,125.28
5F736BC677098D71,Key 9m,0.904,Key 9m,0.9286,Key 9m,0.8947,Key 9m,0.9289,Key 9m,0.8082,Key 9d,0.8214,Key 9d,0.8877,117.15,1.7741,116.79
60BADF9A71A218AF,Key 11m,0.8579,Key 11m,0.8739,Key 11m,0.813,Key 11m,0.8126,Key 11m,0.8475,Key 11m,0.7182,Key 11m,0.8097,120.04,1.6353,119.84
648232C028DB3900,Key 1m,0.9553,Key 1m,0.918,Key 1m,0.921,Key 1m,0.8669,Key 1m,0.9508,Key 1m,0.7434,Key 1m,0.7963,119.98,1.8677,120.19
66281758FB9B3320,Key 2m,0.7662,Key 2m,0.78,Key 2m,0.7927,Key 2m,0.8165,Key 2m,0.6988,Key 2d,0.7359,Key 2d,0.7801,128.02,1.7704,128.4
674B680BA2554CBD,Key 3d,0.8258,Key 12m,0.7824,Key 12m,0.8198,Key 2d,0.7383,Key 12m,0.8532,Key 2d,0.721,Key 1d,0.7932,111.01,2.8948,111.14
67779860694F2FA7,Key 12m,0.8615,Key 12m,0.8464,Key 12m,0.7956,Key 12m,0.8084,Key 12m,0.8449,Key 12m,0.6673,Key 11m,0.7673,122.99,2.7216,123.05
67A577EC2C670048,Key 2d,0.8957,Key 11m,0.6405,Key 2d,0.8938,Key 2d,0.9022,Key 2d,0.8884,Key 2d,0.8069,Key 1d,0.7876,117.88,1.6849,118.12
67FBE81F34F2ABF3,Key 2m,0.775,Key 1m,0.7699,Key 1m,0.8047,Key 1m,0.7797,Key 2m,0.7109,Key 1d,0.9055,Key 1d,0.8632,135.02,3.207,135.11
68D8D67B01C2FE0D,Key 9m,0.9402,Key 9m,0.8974,Key 9m,0.9152,Key 12d,0.8272,Key 9m,0.97,Key 12d,0.6076,Key 9m,0.8132,131.62,3.3,131.67
6A3412E39F12BDCC,Key 1d,0.7805,Key 2m,0.7634,Key 1d,0.8538,Key 2m,0.8484,Key 1d,0.8521,Key 1d,0.8528,Key 1d,0.8607,123.0,2.6796,123.05
6C5D034AB472774F,Key 9m,0.8344,Key 9m,0.7731,Key 9m,0.815,Key 9m,0.7444,Key 9m,0.8266,Key 8d,0.6178,Key 8m,0.8355,126.0,3.2511,126.05
6CD6B2C532382FBE,Key 8m,0.8076,Key 8m,0.7946,Key 8m,0.8417,Key 8m,0.7798,Key 8m,0.763,Key 8d,0.7725,Key 8d,0.8304,130.38,3.0752,130.83
6CDC4C63EAC0C1FC,Key 1m,0.9,Key 1m,0.8693,Key 1m,0.916,Key 1m,0.8047,Key 1m,0.9206,Key 2m,0.6673,Key 1m,0.8218,107.0,3.5531,107.11
6D27C19FD271582C,Key 1m,0.8943,Key 1m,0.907,Key 1m,0.8988,Key 1m,0.8556,Key 1m,0.8628,Key 1m,0.7764,Key 1m,0.8955,117.98,2.7318,118.12
6DAAF4207B02893B,Key 1m,0.8963,Key 1m,0.8909,Key 1m,0.9269,Key 1m,0.8664,Key 1m,0.846,Key 1m,0.7503,Key 1m,0.8837,119.97,1.6435,120.19
6E34CB8920673D5A,Key 4d,0.3949,Key 5m,0.3781,Key 4d,0.4797,Key 4d,0.4578,Key 4d,0.4301,Key 4d,0.4861,Key 4d,0.3499,120.0,3.0628,120.19
6E4FD35EE54F13DE,Key 10d,0.7811,Key 11m,0.7446,Key 10d,0.86,Key 10d,0.8619,Key 10d,0.8631,Key 10d,0.8642,Key 10d,0.8756,119.01,3.6905,118.8
6E8BE67AAA519E71,Key 7m,0.9709,Key 7m,0.9674,Key 7m,0.9515,Key 7m,0.9293,Key 7m,0.9346,Key 7m,0.6878,Key 7m,0.883,125.01,2.173,125.28
6F6245FE2326FC93,Key 1d,0.8147,Key 2m,0.5711,Key 1d,0.8358,Key 1d,0.8811,Key 1d,0.8783,Key 1d,0.7962,Key 1d,0.7656,135.88,1.2621,136.0
7066908E7CEA3A27,Key 1m,0.9085,Key 1m,0.8707,Key 1m,0.9213,Key 1m,0.7888,Key 1m,0.9192,Key 1m,0.688,Key 1m,0.9061,133.02,2.5843,133.37
718C5E9774F40858,Key 1m,0.9357,Key 1m,0.9214,Key 1m,0.9046,Key 1m,0.9044,Key 1m,0.9121,Key 1m,0.7365,Key 1m,0.7569,101.14,1.002,101.33
71D9D74FF5B5D989,Key 1d,0.8809,Key 1m,0.6539,Key 1d,0.9381,Key 1d,0.9173,Key 1d,0.9295,Key 1d,0.888,Key 1d,0.9114,150.1,1.449,74.9
74ED830B8CE52CEE,Key 1d,0.7844,Key 1m,0.7783,Key 1d,0.8149,Key 1m,0.8704,Key 1d,0.8191,Key 1d,0.7199,Key 12d,0.771,126.92,1.39,126.82
758395E81B989F13,Key 9d,0.917,Key 6m,0.862,Key 6m,0.8737,Key 9d,0.8029,Key 6m,0.9193,Key 9d,0.6254,Key 6m,0.9,128.54,2.1841,128.4
76230A9587858ECB,Key 3m,0.7625,Key 3m,0.7492,Key 3m,0.6798,Key 3m,0.7224,Key 3m,0.7401,Key 3m,0.5963,Key 3m,0.4932,122.01,3.4203,122.32
762C4C36E5998609,Key 2d,0.7578,Key 2m,0.6402,Key 2d,0.7904,Key 2d,0.7858,Key 2d,0.7783,Key 1d,0.7116,Key 1d,0.7619,123.98,2.507,123.78
77902F0DDCDAC2C8,Key 2m,0.8123,Key 2m,0.8541,Key 2d,0.8407,Key 2m,0.8642,Key 2d,0.7801,Key 2d,0.9065,Key 2d,0.9559,100.02,2.4294,100.35
77DDE88FACE6EACC,Key 9d,0.7923,Key 7m,0.6808,Key 9d,0.7923,Key 9d,0.7069,Key 6m,0.7718,Key 8d,0.7248,Key 7d,0.8419,117.91,2.543,118.12
78334582983C4C88,Key 4m,0.9233,Key 4m,0.9055,Key 4m,0.9456,Key 4m,0.8778,Key 4m,0.9161,Key 5m,0.6611,Key 4m,0.8493,123.87,1.0818,123.78
784FE3112B5D8F78,Key 1m,0.9242,Key 1m,0.9403,Key 1m,0.9287,Key 1m,0.9366,Key 1m,0.8511,Key 1d,0.8159,Key 1m,0.8984,118.01,3.207,118.12
78FB70119A0E0A0C,Key 9d,0.974,Key 6m,0.6825,Key 9d,0.972,Key 9d,0.9874,Key 9d,0.9927,Key 9d,0.8831,Key 9d,0.8081,67.81,1.7553,135.55
79F08A5A67F3F3C1,Key 1m,0.8073,Key 1m,0.8558,Key 1d,0.8543,Key 1m,0.8469,Key 1d,0.8193,Key 1d,0.8493,Key 1d,0.9391,127.99,2.1717,128.4
7AD780FA846BB6A4,Key 4m,0.9154,Key 4m,0.9419,Key 4m,0.8809,Key 4m,0.9676,Key 4m,0.8421,Key 4d,0.7442,Key 4m,0.7701,77.57,1.5061,77.71
7CB565F0DF8F5339,Key 2d,0.7676,Key 2m,0.8033,Key 2d,0.8221,Key 2d,0.8804,Key 2d,0.7982,Key 2d,0.8827,Key 2d,0.7743,93.98,3.0204,93.96
7CB581142AC30B5A,Key 10d,0.5662,Key 6m,0.4933,Key 6m,0.5865,Key 10d,0.5607,Key 10d,0.5591,Key 6m,0.6287,Key 6m,0.4677,123.82,2.6291,125.28
7D2696CC869AC6FE,Key 1m,0.8307,Key 1m,0.8663,Key 1m,0.8117,Key 1m,0.8637,Key 1m,0.7618,Key 1d,0.7941,Key 1m,0.8284,121.01,3.5594,120.89
7D47F9DD09DC4CB0,Key 3d,0.8815,Key 12m,0.7704,Key 3d,0.8145,Key 3d,0.7696,Key 12m,0.9222,Key 3d,0.5142,Key 12m,0.6112,139.98,2.1027,139.67
7DB1845DEA964846,Key 12m,0.8864,Key 12m,0.8305,Key 12m,0.9165,Key 3d,0.7786,Key 12m,0.9312,Key 3d,0.5861,Key 12m,0.8031,122.51,0.9334,122.32
7F339AAC12FC35D1,Key 11m,0.959,Key 11m,0.947,Key 11m,0.9443,Key 11m,0.9149,Key 11m,0.9387,Key 11m,0.7596,Key 11m,0.8524,127.99,2.1445,128.0
7F38B0F7244C2BDF,Key 1m,0.7826,Key 1m,0.8626,Key 1d,0.7702,Key 1m,0.9041,Key 1d,0.7892,Key 1d,0.7337,Key 1m,0.7552,122.99,2.7527,123.05
