apple_music_id,artist,name,effective_bpm,consensus_bpm,djay_bpm_diff,bpm_diff,djay_bpm,djay_manual_bpm,djay_straight_grid,apple_music_bpm,beatunes_bpm,beatunes_bpm_salience,bpm_rhythm,bpm_rhythm_confidence,bpm_percival,effective_key,consensus_key,key_diff,djay_key,essentia_key,beatunes_key,apple_music_key,edma_key,edma_strength,edmm_key,edmm_strength,bgate_key,bgate_strength,braw_key,braw_strength,shaath_key,shaath_strength,temperley_key,temperley_strength,noland_key,noland_strength
7CB581142AC30B5A,Gui Boratto,Arquipelago (Original Mix),124.99,124.99,0.0,1.46,125.0,,True,125,124.98825073242188,0.929347813129425,123.82,2.6291,125.28,6m,6m,20,2m,6m,2m,6m,10d,0.5662,6m,0.4933,6m,0.5865,10d,0.5591,10d,0.5607,6m,0.6287,6m,0.4677
89BDC796BA0EA1B4,Gregor Salto & DJ Gregory,Canoa (Original Mix),126.96,126.96,0.0,0.18,127.0,,True,127,126.99910736083984,0.893048107624054,126.92,2.9109,126.82,9m,9m,16,4m,9m,4m,9m,10m,0.4574,11m,0.4475,9m,0.4539,10m,0.4883,11m,0.4446,9m,0.466,9m,0.5216
166EC6D01F2DED99,Joe Gray,Tozai,116.06,116.06,0.0,0.93,115.99,,False,116,116.0,1.0,116.92,1.5595,116.13,6m,6m,13,6m,9d,8d,6m,9d,0.932,6m,0.8222,9d,0.856,6m,0.8983,9d,0.8476,8d,0.7045,6m,0.8455
7D47F9DD09DC4CB0,Joy Orbison,flight fm,139.98,139.98,0.0,0.33,140.0,,True,140,139.97108459472656,0.9207317233085632,139.98,2.1027,139.67,12m,12m,12,12m,3d,12m,12m,3d,0.8815,12m,0.7704,3d,0.8145,12m,0.9222,3d,0.7696,3d,0.5142,12m,0.6112
AAE2575C020181C6,Acid Arab,Buzq Blues,123.01,123.01,0.0,0.1,123.0,,True,123,123.01683044433594,0.9333333373069763,122.95,3.1227,123.05,6m,6m,12,6m,9d,6m,6m,9d,0.8171,6m,0.7263,9d,0.7498,6m,0.8358,9d,0.8028,9d,0.6148,6m,0.5163
758395E81B989F13,Caribou,Sun,128.2,128.2,0.0,0.54,128.0,,True,128,128.0,1.0,128.54,2.1841,128.4,6m,6m,11,7m,6m,7m,6m,9d,0.917,6m,0.862,6m,0.8737,6m,0.9193,9d,0.8029,9d,0.6254,6m,0.9
C1582B7F7DA5845E,Herbert,I Hadn't Known (I Only Heard),123.42,123.42,0.0,0.39,123.43,,False,123,123.4111099243164,0.8999999761581421,123.39,2.5167,123.78,8m,8m,11,8m,7m,8m,8m,11d,0.491,7m,0.3728,7m,0.4126,8m,0.5214,11d,0.4965,6d,0.4823,7m,0.3089
77DDE88FACE6EACC,Maxxi Soundsystem feat. Name One,Regrets We Have No Use For (Original Mix),117.98,117.98,0.0,0.21,118.0,,True,118,117.96998596191406,0.9646464586257935,117.91,2.543,118.12,9d,9d,11,9d,9d,6m,9d,9d,0.7923,7m,0.6808,9d,0.7923,6m,0.7718,9d,0.7069,8d,0.7248,7d,0.8419
2C2516EE14975ADC,The Other People Place,Let Me Be Me,130.8,130.8,0.0,0.14,130.72,,False,131,130.86309814453125,1.0,130.77,3.6104,130.83,9d,9d,11,2m,9d,2m,9d,9d,0.6519,9m,0.5845,9d,0.6158,9d,0.6792,9d,0.6562,9m,0.5047,8d,0.4588
1CB511AB86A1CCAF,Literon,Machine I,126.01,126.01,0.0,0.06,126.0,,False,126,126.01339721679688,0.9849246144294739,125.99,2.4093,126.05,9m,9m,11,8m,9m,10m,9m,12d,0.5259,9m,0.5223,9m,0.5144,12d,0.5077,12d,0.5508,9m,0.7332,9m,0.6161
B5DDBF859B5359CB,Caserta,Ricky (Thatmanmonkz Remix),117.0,117.0,0.0,0.43,117.0,,True,117,117.0,1.0,117.22,2.743,116.79,11m,11m,10,11m,10m,2d,11m,11m,0.5152,10m,0.4521,10m,0.4588,11m,0.5639,9d,0.5,9d,0.5861,10m,0.4942
0DEE241A0C8838C7,San Proper,It's Here,114.46,114.46,0.0,0.84,114.5,,False,114,114.0,1.0,114.42,1.3087,114.84,9d,9d,9,7m,9d,7m,9d,9d,0.8585,7m,0.8301,9d,0.8549,9d,0.8332,9d,0.7627,8d,0.677,7m,0.9054
1AE21EF973CDAAE5,Pachanga Boys,Drunken Dancer,115.92,115.92,0.0,0.34,115.84,,True,116,116.0,1.0,115.79,3.239,116.13,9m,9m,9,9m,9m,9m,9m,12d,0.7539,9m,0.6251,9m,0.6972,9m,0.7572,12d,0.678,12d,0.5922,9m,0.6848
D0D59B35BE5EF64D,Marie Davidson,Work It (Soulwax Remix),125.0,125.0,0.0,0.29,125.0,,True,125,124.98825073242188,1.0,125.01,2.7883,125.28,2d,2d,9,2d,2d,11m,2d,2d,0.9219,11m,0.7697,2d,0.8588,2d,0.9154,2d,0.857,2d,0.6728,11m,0.5892
674B680BA2554CBD,Botany,Vision of This Earth Before Our Time,111.0,111.0,0.0,0.19,111.0,,True,111,110.95172119140625,0.9794871807098389,111.01,2.8948,111.14,12m,12m,9,1d,12m,12m,12m,3d,0.8258,12m,0.7824,12m,0.8198,12m,0.8532,2d,0.7383,2d,0.721,1d,0.7932
07741A03011E1BB5,Robag Wruhme,Lampetee,125.02,125.02,0.0,0.28,125.0,,True,125,125.0,0.9950000047683716,125.04,2.929,125.28,2m,2m,8,3m,2m,8m,2m,2m,0.3755,2m,0.3876,2m,0.4277,3m,0.3907,2m,0.4211,2m,0.5713,2m,0.4942
9659CB55BA67DBDB,Hodini,Chronic Gangster Boogie,118.06,118.06,0.0,0.26,118.0,,False,118,118.16712951660156,0.9037432670593262,117.91,2.0577,118.12,10m,10m,8,11m,10m,10m,10m,10m,0.794,10m,0.7533,10m,0.7327,10m,0.8265,1d,0.7361,1d,0.5061,9m,0.5215
E199F94246DC808F,Luvless,Luvmaschine Original Mix,114.0,114.0,0.0,0.25,114.0,,True,114,114.0,1.0,113.96,2.6262,114.21,8m,8m,8,8m,8m,1m,8m,8m,0.7669,8m,0.7827,7m,0.759,8m,0.6883,8m,0.8094,7d,0.6953,7d,0.7981
4FA902E3391D9161,The Cure,Alone (Four Tet Remix),129.02,129.02,0.0,0.22,129.0,,True,129,129.0493927001953,0.925000011920929,128.98,3.0374,129.2,1d,1d,8,1d,1d,11m,1d,2d,0.8414,11m,0.6975,1d,0.8406,11m,0.8094,1d,0.8094,1d,0.835,12d,0.8535
4DD2259D7BF5CBEE,FCL,It's You (San Soda's Panorama Bar Version),119.0,119.0,0.0,0.22,119.0,,True,119,119.0,1.0,119.02,3.0549,118.8,9d,9d,8,7m,9d,11m,9d,9d,0.4324,6m,0.3373,9d,0.3956,9d,0.3986,9d,0.4249,10m,0.4325,9d,0.3377
2B1775639471AB01,Miss Kittin & The Hacker,The Beach,130.94,130.94,0.0,0.75,131.06,,False,131,131.06024169921875,0.8700565099716187,130.31,3.4265,130.83,8m,8m,7,4m,8m,10m,8m,8m,0.6749,8m,0.624,8m,0.722,8m,0.6712,8m,0.6332,8d,0.5,7m,0.6233
C0201242B8135B45,Superpitcher,Mushroom,125.58,125.58,0.0,0.34,125.6,,False,126,125.61911010742188,0.9899497628211975,125.57,2.2906,125.28,11m,11m,7,1d,11m,11m,11m,11m,0.8404,11m,0.7804,11m,0.8471,11m,0.85,1d,0.7493,1d,0.6321,10m,0.8678
87DBCC2080C9F69B,Joy Jenkins,Flowers,120.0,120.0,0.0,0.21,120.0,,True,120,119.98084259033203,0.9950000047683716,120.01,3.383,120.19,10m,10m,7,12m,10m,12m,10m,10m,0.8334,10m,0.8099,10m,0.8222,10m,0.8553,1d,0.7317,10m,0.6143,10m,0.8726
D5AAE54DB9AA0EB0,She Knows,Thalassa (Original Mix),121.0,121.0,0.0,0.11,121.0,,True,121,121.0,1.0,120.99,2.4937,120.89,8d,8d,7,7d,8d,8d,8d,8d,0.8,5m,0.5078,8d,0.8276,7d,0.7736,8d,0.8144,7d,0.8024,7d,0.7835
C1AD2BFCE4B81893,Brigade feat. Acud,Meet Me On Pluto!,109.98,109.98,0.0,0.05,110.0,,True,110,110.00543975830078,0.9847716093063354,109.96,3.048,109.96,9m,9m,7,10m,9m,11m,9m,12d,0.8444,9m,0.8203,9m,0.8473,9m,0.8513,9m,0.7412,10d,0.6648,9m,0.9124
2511CA917F76BFD9,Pachanga Boys,Time,123.89,123.89,0.0,0.43,124.0,,False,124,124.0,1.0,123.57,1.9986,123.78,12d,12d,6,12d,12d,11m,12d,11m,0.78,11m,0.7507,12d,0.8494,12d,0.7966,12d,0.756,11d,0.7016,10m,0.9104
AAAFD64B647C2004,Agaric,No Way I Know I Feel (Axel Boman Remix),122.0,122.0,0.0,0.33,122.0,,True,122,122.0,,121.99,2.3871,122.32,5d,5d,6,5d,5d,2m,5d,5d,0.8968,2m,0.6471,5d,0.8848,5d,0.9292,5d,0.9018,5d,0.7962,5d,0.7103
D36273B37EB783C5,Neşe Karaböcek,Yali Yali (Todd Terje Edit),116.0,116.0,0.0,0.24,116.0,,False,116,115.99856567382812,0.9743589758872986,115.89,3.3505,116.13,12m,12m,6,12m,12m,12m,12m,12m,0.93,12m,0.8671,12m,0.8904,12m,0.9772,3d,0.8203,3d,0.5978,12m,0.7352
8AED09318A2D73C6,Mano Le Tough,Energy Flow (DJ Koze's Miles&More Remix),124.0,124.0,0.0,0.23,124.0,,True,124,124.0025405883789,0.9698492884635925,124.01,3.2304,123.78,12d,12d,6,12d,12d,9m,12d,12d,0.9172,9m,0.7257,12d,0.9,12d,0.9369,12d,0.8854,12d,0.7642,12d,0.7259
5E92A12B4203D93C,Jabru feat. Joel Culpepper,Church,120.0,120.0,0.0,0.22,120.0,,True,120,120.0,1.0,119.97,2.8729,120.19,2d,2d,6,1m,1d,2d,2d,2d,0.6615,12m,0.5769,2d,0.7653,2d,0.6548,1d,0.6898,1d,0.6953,1d,0.7898
2D29BBF6D48EBBEB,Tourist & Sofia Kourtesis,Your Love (Sofia Kourtesis Remix),123.99,123.99,0.0,0.22,124.0,,True,124,124.0025405883789,0.9949748516082764,123.98,2.0518,123.78,12d,12d,6,1d,12d,8m,12d,12d,0.8277,1m,0.7131,12d,0.8546,12d,0.8767,12d,0.8719,12d,0.843,12d,0.7937
BD05D30E29518008,Amount,Meme,117.0,117.0,0.0,0.21,117.0,,True,117,117.0,1.0,117.0,2.9934,116.79,7d,7d,6,7d,7d,4m,7d,7d,0.796,4m,0.5868,7d,0.8062,7d,0.8475,7d,0.8328,7d,0.7628,7d,0.647
E534940AE7D7DECC,Jimpster,Porchlight And Rocking Chairs (KiNK Remix),120.02,120.02,0.0,0.19,120.0,,False,120,120.02027130126953,0.9792746305465698,120.02,1.8738,120.19,11d,11d,6,10d,11d,10m,11d,11d,0.7993,9m,0.7365,11d,0.85,11d,0.816,11d,0.7643,11d,0.7034,9m,0.8607
F18D44762441D685,Hunee,Rare Hapiness,120.01,120.01,0.0,0.19,120.0,,True,120,120.0,0.9846938848495483,120.02,2.4441,120.19,1d,1d,6,4m,1d,10m,1d,1d,0.6591,1m,0.5968,1d,0.6619,1d,0.7464,1d,0.7264,1d,0.6342,1d,0.6507
3F7D2B1E3C9F7AD6,&ME,Solaris,120.02,120.02,0.0,0.19,120.0,,True,120,120.0,1.0,120.04,1.1678,120.19,9m,9m,6,9m,9m,5m,9m,9m,0.8278,9m,0.8131,9m,0.76,9m,0.7582,9m,0.8377,8d,0.8809,8d,0.8334
78FB70119A0E0A0C,Jon Hopkins,Vessel (Four Tet Remix),135.6,135.6,0.0,0.07,135.6,,False,136,135.59451293945312,0.7050359845161438,67.81,1.7553,135.55,9d,9d,6,9d,9d,6m,9d,9d,0.974,6m,0.6825,9d,0.972,9d,0.9927,9d,0.9874,9d,0.8831,9d,0.8081
92D36E5321D323C1,upper class,CONVENTIONAL PARTIES,120.0,120.0,0.0,1.59,120.0,,True,120,120.0,1.0,118.6,1.6473,120.19,2m,2m,5,3m,2m,2m,2m,2m,0.5152,2m,0.5139,2m,0.5172,6d,0.5213,2m,0.5726,2m,0.6116,2m,0.4149
F81B3909CBE1EB61,COMA,Lora (Robag's Fandara Qualv NB),118.9,118.9,0.0,0.88,119.0,,True,119,118.99513244628906,0.9949748516082764,118.12,2.377,118.8,4d,4d,5,3d,4d,3m,4d,4d,0.7884,3m,0.7846,4d,0.8518,4d,0.8011,4d,0.776,3d,0.7621,3d,0.8955
A543179C836D1B52,Audision,Red Sky (Robag Wruhme Remix),123.9,123.9,0.0,0.54,124.01,,True,124,124.0419692993164,0.9898989796638489,123.5,2.431,123.78,12d,12d,5,12m,12d,2m,12d,2d,0.5772,12m,0.6058,12d,0.6425,12d,0.6242,12d,0.6579,1d,0.7987,12m,0.793
3FC1D10C4232E18A,Raphael Schön,Energy,132.98,132.98,0.0,0.43,133.0,,True,133,132.9528045654297,0.9637305736541748,132.94,2.265,133.37,11m,11m,5,10m,11m,11m,11m,11m,0.7883,10m,0.7664,10m,0.8041,11m,0.7193,11m,0.7944,10d,0.9025,10d,0.9077
FEAE624ED7992809,The White Lamp,It's You (Ron Basejam Remix),122.03,122.03,0.0,0.33,122.0,,False,122,121.99169921875,0.9746193289756775,122.06,2.0794,122.32,2m,2m,5,1m,2m,1m,2m,2m,0.8376,2m,0.8414,1m,0.827,2m,0.7575,2m,0.8544,1d,0.8313,1m,0.9128
E3313CDCE9840BC5,Superpitcher,Lonely Lover,122.03,122.03,0.0,0.32,122.01,,False,122,122.0,1.0,122.05,1.6867,122.32,8d,8d,5,8d,8d,3m,8d,8d,0.757,8m,0.5829,8d,0.8307,8d,0.7685,8d,0.8448,8d,0.9334,8d,0.8345
1358E16BE3A17A16,Guti & Dubshape,Every Cow Has A Bird,124.0,124.0,0.0,0.22,124.0,,True,124,124.0025405883789,0.979899525642395,123.99,2.7663,123.78,6m,6m,5,6m,6m,5m,6m,6m,0.7471,5m,0.7288,5m,0.7207,6m,0.709,6m,0.7411,5d,0.6531,5m,0.6958
AA6B003CE506D86D,Stardust,Music Sounds Better With You,123.89,123.89,0.0,0.22,123.91,,False,124,124.0,1.0,123.87,3.2894,123.78,9m,9m,5,8m,9m,8m,9m,9m,0.8643,9m,0.8244,9m,0.8275,9m,0.8949,12d,0.8152,9m,0.6734,9m,0.6884
F87842D38AE99551,Todd Terje,Ragysh,120.0,120.0,0.0,0.21,120.0,,True,120,119.98084259033203,0.9898989796638489,120.01,2.3678,120.19,9m,9m,5,7d,9m,7m,9m,9m,0.7907,9m,0.791,9m,0.7414,9m,0.8003,9m,0.7313,10m,0.6376,9m,0.7169
F0E1937D39E39F3D,Moderat,NEON RATS,131.0,131.0,0.0,0.17,131.0,,False,131,131.0,1.0,131.0,1.7941,130.83,12d,12d,5,1m,12d,1m,12d,1m,0.7583,1m,0.8002,12d,0.8442,12d,0.8392,1m,0.8616,12d,0.8581,12d,0.9064
92657C200C8EACDF,DJ Koze,XTC (Original Mix),118.0,118.0,0.0,0.16,118.0,,False,118,118.00941467285156,0.8826815485954285,117.96,2.2969,118.12,1d,1d,5,1d,1d,12m,1d,1d,0.8313,11m,0.7114,1d,0.8266,1d,0.8205,1d,0.7892,12d,0.6953,12d,0.8569
31DEE138BC3F0EAA,DJ Koze,I Want To Sleep,121.0,121.0,0.0,0.12,121.0,,False,121,121.0059814453125,0.9899497628211975,121.01,3.2674,120.89,3m,3m,5,3m,3m,11m,3m,3m,0.7777,3m,0.7509,3m,0.726,3m,0.7637,3m,0.7494,4m,0.5721,3m,0.5178
F1E5202A3AF2C305,Channel Tres,Sexy Black Timberlake,116.86,116.86,0.0,0.08,116.85,,True,117,116.8659896850586,0.9792746305465698,116.87,2.5873,116.79,3d,3d,5,3m,3d,12m,3d,3d,0.7466,3m,0.5845,3d,0.7975,3d,0.7517,3d,0.7507,2d,0.7036,2d,0.6742
1D9AA4601EDB0414,Black Loops,Velvet,126.01,126.01,0.0,0.05,126.0,,False,126,126.01339721679688,0.6580645442008972,126.01,2.2184,126.05,1d,1d,5,2m,1d,10m,1d,1d,0.8095,2m,0.7072,1d,0.8875,1d,0.8905,1d,0.8922,1d,0.8733,1d,0.8645
B0B8D7CE7C71D25D,Francis Inferno Orchestra,Harmony,123.01,123.01,0.0,0.05,123.0,,False,123,123.01683044433594,0.9800000190734863,123.01,2.675,123.05,1m,1m,5,12m,1m,12m,1m,1m,0.823,1m,0.8237,12m,0.7817,1m,0.7409,1m,0.8531,12d,0.8752,12d,0.8436
4C0C21464BE6AAC7,Lokke & Wodoo Wolcan,00deep und das gefährliche Unterstrassphantom,112.98,112.98,0.0,0.04,113.0,,True,113,113.0,1.0,112.97,3.0034,112.96,7d,7d,5,7m,7d,6m,7d,7d,0.6314,3m,0.4385,7d,0.6357,7d,0.6389,7d,0.661,7d,0.6678,7d,0.5578
F09FDE2C9B315F6B,Ninze,Cloud N°7,115.0,115.0,0.0,1.65,115.0,,True,115,115.0,1.0,116.49,3.2092,114.84,7d,7d,4,8m,7d,7m,7d,8m,0.7641,8m,0.7818,7d,0.8207,7d,0.7653,8m,0.821,7d,0.898,7d,0.9221
9E52E935F81BFC5A,Burial & Four Tet,Moth (Original Mix),117.53,117.53,0.0,0.64,117.62,,False,118,117.0,1.0,117.64,2.453,117.45,3d,3d,4,3d,3d,12m,3d,3d,0.8383,4m,0.6777,3d,0.8646,3d,0.8643,3d,0.8427,3d,0.7886,3d,0.7692
F189479E77E19F8B,PJ,"Everything In Its Right Place (House, Extended)",123.89,123.89,0.0,0.48,124.0,,True,124,124.0419692993164,0.9950000047683716,123.56,2.4619,123.78,10m,10m,4,1d,10m,10m,10m,10m,0.9079,10m,0.8626,10m,0.8452,10m,0.9114,10m,0.7906,10m,0.6524,9m,0.8174
EEC86D0C2EC2A9B7,Steffi feat. Virginia,Yours,124.95,124.95,0.0,0.48,125.0,,True,125,124.98825073242188,0.9459459185600281,124.52,3.067,124.91,1m,1m,4,12m,1m,1m,1m,1m,0.8732,1m,0.8655,12m,0.8788,12m,0.8457,1m,0.8287,1m,0.7155,12m,0.9351
0B96594B3C795661,Max Cooper feat. Wilderthorn,Volition (Robag Wruhme’s Botnax Caal Remix),123.89,123.89,0.0,0.41,124.0,,True,124,124.0025405883789,0.9484536051750183,123.59,2.2407,123.78,4d,4d,4,4d,4d,4m,4d,4d,0.9803,1m,0.714,4d,0.9686,4d,0.9873,4d,0.9604,4d,0.8288,3d,0.7733
FFBC0AB56FE356D9,Tomas Barfod,Came To Party,104.01,104.01,0.0,0.4,104.0,,False,104,104.0,1.0,104.02,3.4273,104.4,12d,12d,4,1m,12d,12d,12d,1m,0.7761,1m,0.7756,12d,0.7581,12d,0.703,1m,0.8033,12d,0.8587,12d,0.784
0F318D760842D049,Dave DK,Will Be Gone,122.01,122.01,0.0,0.33,122.0,,True,122,121.99169921875,0.9685864448547363,122.02,2.8264,122.32,8m,8m,4,7m,8m,7m,8m,8m,0.866,8m,0.8453,8m,0.8551,7m,0.8341,8m,0.7827,8m,0.6719,7m,0.895
9BD4637C4A7A2826,Mount Kimbie,Made To Stray (DJ Koze Remix),125.0,125.0,0.0,0.31,125.0,,True,125,125.0,1.0,124.97,1.8735,125.28,8m,8m,4,8m,8m,7m,8m,8m,0.8372,8m,0.8599,8m,0.836,7m,0.7665,8m,0.8773,7d,0.7729,7m,0.9025
007FD1AF98397066,José González,Heartbeats (Logic1000 Remix),123.89,123.89,0.0,0.3,124.0,,True,124,124.0025405883789,0.9329897165298462,123.7,1.7058,123.78,8m,8m,4,8m,8m,7m,8m,8m,0.8675,8m,0.8395,7m,0.8429,8m,0.8071,8m,0.8376,7d,0.802,7m,0.915
67A577EC2C670048,Jon Hopkins,Sun Harmonics,118.0,118.0,0.0,0.24,118.0,,False,118,118.0,1.0,117.88,1.6849,118.12,2d,2d,4,2d,2d,2d,2d,2d,0.8957,11m,0.6405,2d,0.8938,2d,0.8884,2d,0.9022,2d,0.8069,1d,0.7876
A5AA505409F45D58,Who Made Who,Keep Me In My Plane (DJ Koze's Hudson River Dub),116.0,116.0,0.0,0.24,116.0,,True,116,116.0,1.0,115.89,3.234,116.13,8m,8m,4,7m,8m,7m,8m,8m,0.8698,8m,0.8185,8m,0.8367,8m,0.8537,8m,0.7714,7d,0.6649,7m,0.8535
8409C774C2D44656,Tim Engelhardt,High Places,123.99,123.99,0.0,0.22,124.0,,True,124,124.0025405883789,0.9742268323898315,123.98,2.4691,123.78,7d,7d,4,8d,7d,8m,7d,7d,0.7589,8m,0.7641,7d,0.8555,7d,0.8471,8m,0.8402,7d,0.8643,7d,0.8739
3593352EB5B1F992,"Fred again.., Obongjayar",adore u,123.98,123.98,0.0,0.22,124.0,,True,124,124.0,1.0,123.96,2.3935,123.78,1d,1d,4,1d,1d,1d,1d,1d,0.9395,10m,0.638,1d,0.943,1d,0.9505,1d,0.9599,1d,0.8708,12d,0.8359
DC08137A23A8469D,Michael Mayer feat. Joe Goddard,For You (DJ Koze Mbira Remix Full Version),124.0,124.0,0.0,0.22,124.0,,True,124,124.0025405883789,0.9795918464660645,123.99,2.6169,123.78,5d,5d,4,5d,5d,5d,5d,6d,0.8048,6m,0.6938,5d,0.8359,5d,0.8522,6d,0.8745,6d,0.8304,5d,0.8492
4AD3E818EBB15070,DJ Linus,Are You Ready?,123.99,123.99,0.0,0.22,124.0,,True,124,124.0025405883789,0.9949748516082764,123.98,3.4896,123.78,2d,2d,4,3m,2d,3m,2d,3m,0.6366,2m,0.5772,2d,0.6361,3m,0.6041,2d,0.68,2d,0.7987,2d,0.7633
83D63BB4E26A3B62,Maceo Plex,Her Security,119.99,119.99,0.0,0.22,120.0,,False,120,119.98084259033203,0.9071038365364075,119.97,1.928,120.19,4d,4d,4,3d,4d,3d,4d,4d,0.8608,4m,0.7107,4d,0.8796,4d,0.8531,4d,0.893,3d,0.879,3d,0.8898
53630469057C2991,Jeigo,Pearl Leaf,129.04,129.04,0.0,0.21,129.0,,False,129,129.08880615234375,0.9257143139839172,128.99,1.0577,129.2,11m,11m,4,11m,11d,10m,11m,11m,0.7829,11m,0.7991,12d,0.848,12d,0.7727,12m,0.7881,11d,0.8609,11d,0.9738
FEB17DCD707E506D,Aphex Twin,Iz-Us,118.99,118.99,0.0,0.2,119.0,,False,119,118.99513244628906,0.9473683834075928,118.99,2.5953,118.8,7m,7m,4,7m,7m,7m,7m,7m,0.7591,7m,0.753,8d,0.8082,8d,0.7209,8m,0.7488,8d,0.7874,7m,0.8865
0B621477B8A7D2EC,Róisín Murphy,You Knew,120.0,120.0,0.0,0.19,120.0,,False,120,120.0,1.0,120.0,1.8492,120.19,11m,11m,4,11m,11m,11m,11m,11m,0.7998,11m,0.8169,10m,0.8362,10m,0.724,11m,0.851,10d,0.8958,10d,0.9366
6A3412E39F12BDCC,Efdemin,Parallaxis (Traumprinz's Over 2 The End Version),123.0,123.0,0.0,0.07,123.0,,True,123,122.97740936279297,0.9897959232330322,123.0,2.6796,123.05,1d,1d,4,2d,1d,2m,1d,1d,0.7805,2m,0.7634,1d,0.8538,1d,0.8521,2m,0.8484,1d,0.8528,1d,0.8607
056BB1EDF5E80113,Galcher Lustwerk,In the Place,126.0,126.0,0.0,0.05,126.0,,True,126,126.0,1.0,126.01,2.9104,126.05,2d,2d,4,11m,2d,2d,2d,2d,0.7433,3m,0.5663,2d,0.8027,2d,0.8279,2d,0.8182,2d,0.7732,2d,0.7097
BA5EAC90BC085B11,Larry Heard & Mr. White,The Sun Can't Compare (Long Version),128.0,128.0,0.0,0.03,128.0,,True,128,127.98483276367188,0.8787878751754761,128.01,3.417,128.0,1d,1d,4,2m,1d,1m,1d,1d,0.7758,10m,0.5744,1d,0.7966,1d,0.8261,1d,0.8308,1d,0.7522,1d,0.6535
3ECA64B01BFE8FC3,DJ Koze,Mariposa,124.0,124.0,0.0,41.32,124.01,,True,124,124.0,1.0,123.99,1.5802,82.69,4m,4m,3,5m,4m,4m,4m,5m,0.7791,4m,0.8013,4m,0.7721,4m,0.7168,5m,0.7882,4d,0.8008,4m,0.8432
BCF4FFC5EFDDC171,Aluna & KAYTRANADA,The Recipe (Bella Boo Remix),125.99,125.99,0.0,2.2,126.0,,True,126,125.9739761352539,0.979899525642395,123.85,2.5177,126.05,9m,9m,3,11m,9m,10m,9m,9m,0.8875,9m,0.873,9m,0.9086,9m,0.8683,9m,0.7938,9m,0.7249,9m,0.948
9E3B1EA114B67B7F,DJ Koze,Hicc Up,124.52,124.52,0.0,0.99,124.52,,False,125,124.51512145996094,0.8586387634277344,123.54,1.3765,124.53,11m,11m,3,11m,11m,1m,11m,11m,0.7456,11m,0.7799,11m,0.7235,11m,0.7094,11m,0.7713,12d,0.6215,11m,0.7907
C0F213BCA151C676,Tony Lionni,Found a Place,124.62,124.62,0.0,0.78,124.74,,True,125,124.71226501464844,0.9685864448547363,123.96,2.6694,124.53,11m,11m,3,11m,11m,10m,11m,11m,0.7732,11m,0.7945,12d,0.8374,12d,0.779,11m,0.7891,11d,0.7493,11d,0.8945
C8F38A78EF8E1ADC,Morning Factory,Diane's Love,116.06,116.06,0.0,0.76,116.0,,True,116,115.99856567382812,0.964285671710968,116.76,3.0943,116.13,2m,2m,3,3m,2m,2m,2m,2m,0.8338,2m,0.8023,2m,0.7977,2m,0.7764,2m,0.838,1d,0.7898,1d,0.8698
465947DADD362158,Keinemusik feat. Nomi Ruiz,Pussy Power,123.89,123.89,0.0,0.44,124.0,,True,124,124.0,1.0,123.56,2.4584,123.78,1m,1m,3,1m,1m,1m,1m,1m,0.8252,1m,0.8614,1m,0.7903,12d,0.752,1m,0.9073,12d,0.7866,12d,0.8546
CABF37CC5173999D,Weval,ON (Extended Version),123.89,123.89,0.0,0.44,124.0,,True,124,124.0025405883789,0.953125,123.56,1.6786,123.78,7m,7m,3,7m,7m,7m,7m,7m,0.8155,7m,0.8381,6m,0.8145,7d,0.732,7m,0.8694,6d,0.8909,6d,0.9404
8FAC2CC8F72BCE4E,Genius Of Time,Peace Bird,123.89,123.89,0.0,0.43,124.0,,True,124,124.0025405883789,0.9899497628211975,123.57,2.5787,123.78,10m,10m,3,11m,10m,10m,10m,10m,0.8538,10m,0.8213,10m,0.9009,10m,0.8455,11m,0.7631,11d,0.6595,10m,0.8792
C2D86B04CA43F2F0,Caribou,Julia Brightly,140.0,140.0,0.0,0.33,140.0,,True,140,140.0,1.0,139.99,2.2974,139.67,2d,2d,3,2d,2d,2d,2d,2d,0.9068,11m,0.6287,2d,0.9638,2d,0.9345,2d,0.8974,2d,0.8038,2d,0.85
80A9B2ECA6354653,Lauer feat. Dena,Make It Stay (Boris Dlugosch Remix),122.0,122.0,0.0,0.33,122.0,,True,122,121.99169921875,0.9685864448547363,122.01,3.2493,122.32,1d,1d,3,1d,1d,1d,1d,1d,0.9677,10m,0.6807,1d,0.9757,1d,0.992,1d,0.9831,1d,0.872,1d,0.8116
F8432D5DF2C13766,Roy Of The Ravers,Emotinium (Roy Of The Ravers Secret Mix),127.07,127.07,0.0,0.3,127.1,,False,127,127.11739349365234,0.8666666746139526,127.04,1.7053,126.82,9m,9m,3,9m,8d,9m,9m,9d,0.7752,9m,0.7807,8d,0.8375,8d,0.8381,9m,0.8716,9d,0.8128,8d,0.872
D8F8531EF1F82D4C,Asa Tate / Tech Support,Friends,125.01,125.01,0.0,0.29,125.0,,True,125,124.98825073242188,0.953125,125.02,3.0576,125.28,7d,7d,3,7m,7d,7m,7d,6m,0.7725,6m,0.8088,7d,0.8258,7d,0.7649,7d,0.8032,7d,0.8338,6d,0.9025
07E79E43BE084C3A,Marshall Jefferson & Noosa Heads,Mushrooms (Justin Martin Mix),125.02,125.02,0.0,0.28,125.0,,True,125,125.0,0.9949748516082764,125.03,2.5361,125.28,4d,4d,3,5m,4d,5m,4d,4d,0.6755,5m,0.6946,4d,0.7298,4d,0.7196,4d,0.7457,4d,0.7511,4d,0.6616
4B7BCE101F0C5705,Róisín Murphy,What Not To Do,148.88,148.88,0.0,0.28,149.0,,False,149,149.0,1.0,148.75,1.3164,74.36,12m,12m,3,12m,12m,11d,12m,12m,0.755,12m,0.7782,12d,0.7787,12d,0.7405,12m,0.8253,11d,0.8323,11d,0.8676
EA7AE05764D345B1,Genius Of Time,Houston We Have A Problem,116.99,116.99,0.0,0.26,117.0,,True,117,116.98428344726562,0.8810810446739197,117.05,3.1109,116.79,3d,3d,3,3d,3d,6m,3d,3d,0.7725,3m,0.5597,3d,0.7844,3d,0.7491,3d,0.7984,3d,0.7963,3d,0.7937
DBAB55A461013181,Robag Wruhme,Tulpa Ovi,120.0,120.0,0.0,0.24,120.0,,False,120,120.0,1.0,119.95,1.7394,120.19,2d,2d,3,2d,2d,1m,2d,2d,0.8003,2m,0.7477,2d,0.852,2d,0.8288,2d,0.831,1d,0.7983,1d,0.8644
762C4C36E5998609,Max von Sternberg,Moving (Sofia Kourtesis Remix),123.99,123.99,0.0,0.22,124.0,,True,124,124.0025405883789,0.9900000095367432,123.98,2.507,123.78,2d,2d,3,1m,2d,2m,2d,2d,0.7578,2m,0.6402,2d,0.7904,2d,0.7783,2d,0.7858,1d,0.7116,1d,0.7619
B74337E32768F98F,AQUARIUS HEAVEN,Universe,119.99,119.99,0.0,0.22,120.0,,True,120,119.98084259033203,0.9062499403953552,120.06,1.7374,119.84,3m,3m,3,3m,3m,2m,3m,3m,0.755,3m,0.8286,3d,0.7807,3d,0.7686,3m,0.8628,2d,0.6985,2d,0.7557
BDFB1DC0652CF4C9,Daniel Bortz,Wohin Willst Du?,120.0,120.0,0.0,0.21,120.0,,True,120,119.98084259033203,0.9899497628211975,119.99,2.5205,120.19,11m,11m,3,12m,11m,12m,11m,11m,0.7599,11m,0.7692,11m,0.8138,12m,0.7161,11m,0.753,11d,0.8169,11m,0.8778
1BFEE25686980D5E,Round,Lucky Star,116.99,116.99,0.0,0.21,117.0,,True,117,116.98428344726562,0.9521276354789734,117.0,2.8165,116.79,11d,11d,3,12m,11d,11m,11d,12m,0.7897,11m,0.8066,11m,0.8163,11d,0.744,12m,0.82,11d,0.8843,11d,0.9353
87E8CF8A567FA307,Luca Musto,Word,114.0,114.0,0.0,0.21,114.0,,True,114,114.0,1.0,114.0,2.4755,114.21,5m,5m,3,5m,5m,5m,5m,5m,0.9472,5m,0.9077,5m,0.9167,5m,0.9751,8d,0.8316,5m,0.6435,5m,0.8451
6E4FD35EE54F13DE,Superpitcher feat. Fantastic Twins,Brothers,119.0,119.0,0.0,0.21,119.0,,True,119,118.99513244628906,0.9793814420700073,119.01,3.6905,118.8,10d,10d,3,11m,10d,11m,10d,10d,0.7811,11m,0.7446,10d,0.86,10d,0.8631,10d,0.8619,10d,0.8642,10d,0.8756
382005B23C1D7E9F,DJ Koze feat. Eddie Fummler,Moving in a Liquid,118.0,118.0,0.0,0.21,118.0,,False,118,118.0,1.0,117.91,1.7809,118.12,6m,6m,3,7m,6m,8d,6m,6m,0.9094,6m,0.8949,6m,0.8796,6m,0.8905,6m,0.8338,6d,0.6628,6m,0.8993
C2AACE85F0F1733A,Lake People,Point In Time,120.0,120.0,0.0,0.21,120.0,,True,120,119.98084259033203,0.989847719669342,120.01,3.1263,120.19,5m,5m,3,5m,5m,4d,5m,5m,0.851,5m,0.8761,5m,0.799,5m,0.7676,5m,0.9099,4d,0.7685,4d,0.7456
53887FE8DE3E61C9,Jamie xx feat. Romy,Loud Places,108.91,108.91,0.0,0.2,109.0,,False,109,108.98030090332031,0.9438202381134033,108.83,2.597,108.8,7d,7d,3,7d,7d,6m,7d,7d,0.8008,6m,0.7682,7d,0.8415,7d,0.8105,7d,0.7753,7d,0.715,6d,0.8714
DC02BB77C8212A52,The Invisible feat. Connan Mockasin,K Town Sunset (Tee Mango Summer Daze Revision),119.0,119.0,0.0,0.2,119.0,,True,119,118.99513244628906,0.9900000095367432,119.0,2.9931,118.8,12m,12m,3,11m,12m,11m,12m,12m,0.8615,12m,0.8311,12m,0.8614,12m,0.8198,12m,0.7703,12d,0.6185,11m,0.8898
4F97745F1350A7F2,Keinemusik feat. Ali Love,Confusion,120.0,120.0,0.0,0.19,120.0,,True,120,120.0,1.0,120.01,2.5879,120.19,11m,11m,3,11m,11m,10m,11m,11m,0.7706,11m,0.6955,11m,0.7127,11m,0.7845,11m,0.6661,10d,0.6223,10m,0.7175
0002F679BA418CAA,Galcher Lustwerk,Put On,121.55,121.55,0.0,0.19,121.5,,True,122,121.5,1.0,121.69,3.2398,121.6,2d,2d,3,3m,2d,3m,2d,2d,0.6659,3m,0.6458,2d,0.8062,2d,0.7363,2d,0.7553,2d,0.8182,2d,0.8373
8CFE13D333589EAA,Osunlade,Dionne,120.01,120.01,0.0,0.19,120.0,,True,120,120.02027130126953,0.9949748516082764,120.0,3.7199,120.19,11m,11m,3,12m,11m,11m,11m,11m,0.8369,11m,0.8347,11m,0.8697,11m,0.8372,12m,0.7742,12m,0.7627,11m,0.8834
C5F31F7C9A24426C,Map.ache,Thank U Again,127.0,127.0,0.0,0.18,127.0,,True,127,126.99910736083984,1.0,127.0,2.7049,126.82,6m,6m,3,5m,6m,5m,6m,6m,0.8572,6m,0.8274,6m,0.8385,6m,0.8301,6m,0.8083,6m,0.7548,5m,0.8378
F00223D6C6B750AB,Jitwam,Whereyougonnago?,118.0,118.0,0.0,0.15,118.0,,False,118,118.00941467285156,0.9794871807098389,117.97,2.9595,118.12,11m,11m,3,12m,11m,11m,11m,11m,0.8193,11m,0.7928,11m,0.8426,11m,0.8057,11m,0.7625,12d,0.6729,12d,0.7841
6F6245FE2326FC93,"Jamie xx, Romy & Oliver Sim",Waited All Night,135.99,135.99,0.0,0.12,136.0,,True,136,135.98880004882812,0.6310160756111145,135.88,1.2621,136.0,1d,1d,3,2m,1d,2m,1d,1d,0.8147,2m,0.5711,1d,0.8358,1d,0.8783,1d,0.8811,1d,0.7962,1d,0.7656
B77B6DFBB8A700C9,Lawrence,Glow,121.0,121.0,0.0,0.12,121.0,,True,121,121.0,1.0,121.01,3.3262,120.89,11m,11m,3,12m,11m,12m,11m,11m,0.7749,11m,0.7935,11m,0.8271,11m,0.7639,11m,0.7659,12m,0.7131,11m,0.8454
67FBE81F34F2ABF3,not even noticed,Affected,135.01,135.01,0.0,0.11,135.0,,True,135,135.00308227539062,0.8984771370887756,135.02,3.207,135.11,1m,1m,3,2m,1m,1m,1m,2m,0.775,1m,0.7699,1m,0.8047,2m,0.7109,1m,0.7797,1d,0.9055,1d,0.8632
15AAF9129E9097D9,KARO,Come on and do it (Nachtiville Opening 2023),130.01,130.01,0.0,0.11,130.0,,True,130,130.11395263671875,0.875,130.02,1.2691,130.01,12m,12m,3,1m,12m,1m,12m,12m,0.91,12m,0.875,12m,0.9196,12m,0.9197,12m,0.8275,1m,0.6747,12m,0.812
D356A356573B80DF,Dominik Eulberg & Essay,Dream Machine,123.01,123.01,0.0,0.1,123.0,,True,123,123.01683044433594,0.9796954393386841,122.95,1.3724,123.05,12d,12d,3,12d,12d,12d,12d,12d,0.9265,9m,0.6721,12d,0.9333,12d,0.9326,12d,0.8963,12d,0.7988,12d,0.8196
AD1AD9612533B0CC,Lauer,Antinat,122.99,122.99,0.0,0.07,123.0,,True,123,122.97740936279297,0.9949748516082764,122.98,2.9912,123.05,1d,1d,3,1d,1d,1d,1d,1d,0.924,10m,0.629,1d,0.9405,1d,0.9255,1d,0.9621,1d,0.9178,1d,0.8577
0062C12EBBD5ECA8,Roman Flügel,How To Spread Lies,123.0,123.0,0.0,0.06,123.0,,True,123,123.0,1.0,122.99,3.1239,123.05,7m,7m,3,7m,7m,7m,7m,7m,0.8068,7m,0.8256,7m,0.8048,7m,0.7685,8d,0.7574,8d,0.7649,8d,0.8853
1488CC99DFD56341,Guti,We Shall Overcome,123.0,123.0,0.0,0.06,123.0,,True,123,123.0,1.0,122.99,2.4698,123.05,10m,10m,3,11m,10m,10m,10m,10m,0.8094,11m,0.8226,10m,0.8144,10m,0.7743,11m,0.8311,10d,0.7616,10d,0.8003
6C5D034AB472774F,Andre Lodemann,Where Are You Now,126.01,126.01,0.0,0.05,126.0,,True,126,126.01339721679688,0.9847716093063354,126.0,3.2511,126.05,9m,9m,3,8m,9m,9m,9m,9m,0.8344,9m,0.7731,9m,0.815,9m,0.8266,9m,0.7444,8d,0.6178,8m,0.8355
DF5BAB509EB6AB86,Galcher Lustwerk,Enterprise,123.8,123.8,0.0,0.05,123.83,,False,124,123.80000305175781,1.0,123.79,2.6727,123.78,5m,5m,3,5m,5m,5m,5m,5m,0.8671,5m,0.8555,4m,0.8179,5m,0.8046,5m,0.8587,4d,0.8094,4m,0.8307
27D894143F9508AB,Axel Boman,The Best Ever Made Ever,126.03,126.03,0.0,0.05,126.0,,True,126,126.01339721679688,0.8814433217048645,126.04,2.146,126.05,4d,4d,3,4d,4d,1m,4d,4d,0.9088,4m,0.6922,4d,0.9356,4d,0.9163,4d,0.9626,4d,0.8989,4d,0.8021
2ABA40573EADB792,Everything But The Girl,Walking Wounded,78.0,78.0,0.0,26.24,78.0,,False,78,78.0,1.0,103.95,1.4813,77.71,5m,5m,2,6m,5m,5m,5m,5m,0.8976,5m,0.8603,5m,0.8927,5m,0.9147,5m,0.8094,6m,0.6506,5m,0.8347
F62F66B68805BDBE,Bostro Pesopeo,Yes,120.03,120.03,0.0,2.37,120.0,,False,120,120.0596923828125,0.7512690424919128,117.82,1.9193,120.19,12d,12d,2,1m,12d,12m,12d,12m,0.7899,12m,0.8362,12d,0.8143,12d,0.7867,1m,0.8086,12d,0.8602,12d,0.9133
EB6BDDD46026E033,Lady Alma,It's House Music,120.0,120.0,0.0,1.79,120.0,,True,120,120.0,1.0,118.4,3.1462,120.19,10d,10d,2,11m,10d,11m,10d,10m,0.8117,10m,0.8731,10d,0.8208,10d,0.7939,10m,0.8596,10d,0.8376,10d,0.9146
D4FB7B4E63E4CE1D,Jürgen Paape,So Weit Wie Noch Nie,119.99,119.99,0.0,1.63,119.99,,True,120,119.98084259033203,0.9850000143051147,118.56,1.4133,120.19,8d,8d,2,8d,8d,9m,8d,8d,0.8299,9m,0.6847,8d,0.879,8d,0.8897,8d,0.9263,8d,0.918,8d,0.8863
EDD5234D8D0E6A4C,Soul Capsule,Lady Science (NYC Sunrise),127.89,127.89,0.0,0.59,127.87,,False,128,127.9000015258789,1.0,128.19,1.7083,127.6,2m,2m,2,2m,2m,2m,2m,2m,0.927,2m,0.9006,2m,0.8764,2m,0.9083,2m,0.8463,1d,0.6752,1m,0.8777
8F70D147B185D9CF,TEE MANGO,Of All The Places Left To Dance (Original Mix),122.16,122.16,0.0,0.49,122.0,,False,122,121.95226287841797,0.847953200340271,122.44,2.2965,122.32,2m,2m,2,2m,2m,2m,2m,2m,0.869,2m,0.8522,2m,0.8001,2m,0.819,2m,0.8719,1d,0.8294,1d,0.7591
F65FD0EC425C3CA1,Westbam feat. Richard Butler,You Need the Drugs,127.99,127.99,0.0,0.41,128.0,,True,128,127.98483276367188,0.9949748516082764,128.01,2.9904,127.6,6m,6m,2,7m,6m,6m,6m,6m,0.8956,6m,0.9022,6m,0.8865,6m,0.9071,6m,0.8207,7m,0.6563,6m,0.8688
7066908E7CEA3A27,Sofia Kourtesis & Daphni,Unidos,133.03,133.03,0.0,0.37,133.0,,True,133,133.03167724609375,0.9322916865348816,133.02,2.5843,133.37,1m,1m,2,2m,1m,2m,1m,1m,0.9085,1m,0.8707,1m,0.9213,1m,0.9192,1m,0.7888,1m,0.688,1m,0.9061
38C524D2E5DB34AB,Midland,Final Credits,133.01,133.01,0.0,0.37,133.0,,True,133,133.0,1.0,133.03,2.9957,133.37,9m,9m,2,9m,9m,9m,9m,9m,0.9253,9m,0.8704,9m,0.8769,9m,0.9353,9m,0.8392,8d,0.5985,8m,0.7364
9DD5530EE9F203AC,Letherette,Langsette,114.01,114.01,0.0,0.35,114.0,,False,114,114.02714538574219,0.801047146320343,113.86,2.7136,114.21,11m,11m,2,11d,11m,11m,11m,11m,0.8876,11m,0.8898,11m,0.8771,11m,0.8094,11m,0.9186,10d,0.8055,10d,0.8412
FF73ED1E1D9E2D51,Ross from Friends,The Daisy,131.98,131.98,0.0,0.33,132.0,,False,132,131.96710205078125,0.7922078371047974,131.99,1.1994,131.67,6m,6m,2,6m,6m,6m,6m,6m,0.7965,6m,0.8298,6m,0.7734,5d,0.7511,6m,0.905,6d,0.7855,5d,0.8241
4E23F5999F4ADA54,Bibio,Lovers Carvings (Catz 'n Dogz Re-edit),122.06,122.06,0.0,0.33,122.0,,False,122,121.99169921875,0.9950000047683716,122.12,2.8848,122.32,9m,9m,2,9m,9m,9m,9m,9m,0.7283,9m,0.7961,9m,0.698,9d,0.6857,9m,0.8969,8d,0.7337,8d,0.6971
9ED9213664B23254,Moderat,EASY PREY,138.0,138.0,0.0,0.31,138.0,,True,138,138.0,1.0,138.12,2.7661,137.81,11m,11m,2,11d,11m,11m,11m,11m,0.8773,11m,0.9105,11m,0.85,11m,0.7691,11m,0.9328,10d,0.7906,10d,0.8809
38BA7B097FF2D34F,Kiasmos,Blurred (Bonobo Remix),125.0,125.0,0.0,0.29,125.0,,False,125,124.98825073242188,0.9578947424888611,125.0,1.9262,125.28,5m,5m,2,5m,5m,5m,5m,5m,0.8683,5m,0.8962,5m,0.8302,5m,0.7713,5m,0.9423,4d,0.8277,4d,0.8443
520C6A3A56367859,Weval,Something,84.98,84.98,0.0,0.29,85.0,,True,85,85.0077896118164,0.8263157606124878,84.97,2.3919,84.72,2m,2m,2,2m,2m,2m,2m,2m,0.8673,2m,0.896,2m,0.8193,2m,0.7768,2m,0.9422,1d,0.7977,1d,0.8231
E6F780AAFA6BE763,Albion,Air (Oliver Lieb Remix) Remastered,137.14,137.14,0.0,0.27,137.16,,False,137,137.17166137695312,0.8852458596229553,137.13,2.2942,136.9,1m,1m,2,1m,1m,1m,1m,1m,0.9259,1m,0.9033,1m,0.9071,1m,0.8967,1m,0.9063,12d,0.712,12m,0.7624
822EBDC8F5ED6091,Mario & Vidis feat. Ernesto,Changed,122.89,122.89,0.0,0.27,122.9,,False,123,122.78025817871094,0.9847716093063354,122.88,2.3804,123.05,2m,2m,2,2m,2m,2m,2m,2m,0.7952,2m,0.8311,1m,0.8327,1m,0.8065,2m,0.7917,2d,0.708,2d,0.8699
F025321382DA4E81,Fango,Betta,119.99,119.99,0.0,0.24,120.0,,True,120,119.98084259033203,0.9646464586257935,119.95,1.5808,120.19,11m,11m,2,11m,11m,11m,11m,11m,0.9288,11m,0.9162,11m,0.8856,11m,0.8664,11m,0.9111,10d,0.7472,10d,0.8302
F237F4D63AAEF7A0,Aleksandir,Dreams,119.0,119.0,0.0,0.24,119.0,,True,119,118.99513244628906,0.8983957767486572,119.04,2.779,118.8,6d,6d,2,6m,6d,7m,6d,7m,0.6998,6m,0.7308,6d,0.7523,6d,0.7336,6d,0.8124,6d,0.8797,6d,0.7672
5A7139B203A4BC30,Zone+,Infinite Galaxy,124.0,124.0,0.0,0.22,124.0,,True,124,124.0025405883789,0.9549999833106995,124.0,2.8844,123.78,11m,11m,2,11m,11m,11m,11m,11m,0.8478,11m,0.8886,11d,0.8149,11d,0.7706,11m,0.9457,10d,0.8419,10d,0.8628
DAB620B71FE46FD6,Superpitcher,Smile It's a New Day,114.0,114.0,0.0,0.22,114.01,,True,114,114.0,1.0,113.99,2.9097,114.21,4m,4m,2,4m,4m,4m,4m,4m,0.864,4m,0.7928,4m,0.8325,4m,0.8665,4m,0.7646,3d,0.6842,3m,0.7246
B00F23DB080BF7F0,Axel Boman,Purple Drank,119.0,119.0,0.0,0.21,119.0,,True,119,118.99513244628906,1.0,119.01,2.4311,118.8,3m,3m,2,3m,3m,3m,3m,3m,0.9059,3m,0.8857,3m,0.8249,3m,0.8911,3m,0.8793,2d,0.6156,2d,0.6584
0055EA86F7078C36,Grauzone,Eisbär,129.36,129.36,0.0,0.2,129.4,,False,129,129.3253936767578,0.9746193289756775,129.39,1.9747,129.2,4m,4m,2,4m,4m,4m,4m,4m,0.903,4m,0.9091,4m,0.8444,4m,0.8668,4m,0.8675,3d,0.5715,3m,0.7769
3C9A69D363D15BC0,Keinemusik feat. Sofie,Discoteca Dub,120.0,120.0,0.0,0.19,120.0,,True,120,120.0,1.0,120.01,3.0362,120.19,5m,5m,2,5m,5m,4m,5m,5m,0.7909,5m,0.7761,5m,0.7718,5m,0.753,5m,0.7335,5m,0.7771,4m,0.6953
9238FFD03190C9BD,Keinemusik feat. Nomi Ruiz,Bumper,120.01,120.01,0.0,0.19,120.0,,True,120,120.0,1.0,120.02,2.2726,120.19,1m,1m,2,1m,1m,1m,1m,1m,0.8947,1m,0.8966,1m,0.9024,1m,0.8146,1m,0.9246,12d,0.7717,12m,0.8611
DF2ADE8C94D51A02,upper class,SIX MILLION,120.0,120.0,0.0,0.19,120.0,,True,120,120.0,1.0,120.0,1.7981,120.19,12m,12m,2,12m,12m,12m,12m,12m,0.9482,12m,0.9391,12m,0.9017,12m,0.9029,12m,0.9091,11d,0.7131,11m,0.8287
D23C23CABEB5894F,Fort Romeau,Secrets & Lies,120.03,120.03,0.0,0.19,120.0,,True,120,120.02027130126953,0.9583333134651184,120.04,2.0949,120.19,11m,11m,2,11m,11m,11m,11m,11m,0.8801,11m,0.8938,11m,0.8468,11m,0.8055,11m,0.933,10d,0.8217,10d,0.7904
9390368920ED7093,Yoko Duo,Blowfish (Lake People Remix),114.96,114.96,0.0,0.16,115.0,,True,115,115.0,1.0,114.92,2.9363,114.84,4m,4m,2,4m,4m,4m,4m,4m,0.7849,4m,0.7291,4m,0.7822,4m,0.7666,4m,0.6846,3d,0.6528,3m,0.7767
EFCEB9E3BA4890DA,Maribou State feat. Pedestrian,The Clown (Axel Boman Remix),116.0,116.0,0.0,0.15,116.0,,True,116,115.99856567382812,0.9949495196342468,115.98,2.9241,116.13,12d,12d,2,1m,12d,1m,12d,12d,0.772,12m,0.7239,12d,0.8425,12d,0.8502,12d,0.8474,12d,0.7933,12d,0.8189
9282BD04501DB3C9,Daniel Bortz,Cuz You're the One,111.02,111.02,0.0,0.14,111.0,,True,111,111.0,1.0,111.03,3.4894,111.14,5m,5m,2,5m,5m,4m,5m,5m,0.7943,5m,0.792,5m,0.7917,5m,0.7269,5m,0.8239,5m,0.8535,4m,0.7097
302F0B1F50D10983,Maceo Plex,Can't Leave You (Original Mix),121.0,121.0,0.0,0.13,121.0,,True,121,121.0059814453125,0.9950000047683716,121.02,2.5463,120.89,12m,12m,2,12m,12m,12m,12m,12m,0.7563,12m,0.78,12m,0.7394,12m,0.7531,12m,0.7232,1m,0.6477,1d,0.6713
5A1B6D51BAE14FCA,Glok,That Time of Night,116.0,116.0,0.0,0.13,116.0,,True,116,115.99856567382812,0.9337016344070435,116.01,3.5364,116.13,10m,10m,2,10m,10m,10m,10m,10m,0.8702,10m,0.9049,10m,0.8463,10m,0.7674,10m,0.9219,9d,0.7762,9d,0.8777
8641317169EE5DD9,DJ Koze feat. Ada,Homesick,97.0,97.0,0.0,0.13,97.0,,True,97,97.0,1.0,96.92,2.6408,97.05,1m,1m,2,1m,1m,1m,1m,1m,0.8471,1m,0.8597,1m,0.8197,1m,0.7575,1m,0.8983,12d,0.7874,12d,0.8966
4D24CEA1A632921F,Andre Bratten,Aegis,118.01,118.01,0.0,0.12,118.0,,True,118,118.00941467285156,0.9796954393386841,118.01,2.6278,118.12,9m,9m,2,9m,9m,9m,9m,10m,0.6621,9m,0.6695,9m,0.6887,10m,0.6988,9m,0.6616,9m,0.8129,9m,0.7355
F63DC7BBD15590BC,Robag Wruhme,Nata Alma (Club Smash Hit Version),118.0,118.0,0.0,0.12,118.0,,True,118,118.0,1.0,118.0,3.2549,118.12,1m,1m,2,1m,1m,1m,1m,1m,0.7976,1m,0.8107,1m,0.7455,1m,0.7277,1m,0.8662,12d,0.8026,12d,0.7518
85E680630CBAEC4A,Dauwd,Ikopol,125.99,125.99,0.0,0.12,126.0,,True,126,125.9739761352539,0.9085714221000671,125.93,1.4334,126.05,11d,11d,2,12m,11d,11m,11d,11m,0.7585,11m,0.783,11d,0.8023,11d,0.7391,12d,0.7752,11d,0.8388,11d,0.9009
EB374DC192EA65F1,Daso,Meine,126.01,126.01,0.0,0.12,126.0,,False,126,126.01339721679688,0.9696969985961914,125.93,2.6017,126.05,4m,4m,2,4m,4m,4m,4m,4m,0.8948,4m,0.8806,4m,0.8493,4m,0.8419,4m,0.8567,3d,0.7953,3m,0.8927
E1C641DCCDFDD8C8,Dave DK,Don't Eat The Homies,120.99,120.99,0.0,0.11,121.0,,True,121,121.0,0.9297297596931458,120.98,1.9196,120.89,6m,6m,2,6m,6m,6m,6m,6m,0.8793,6m,0.8952,6m,0.8502,6m,0.7889,6m,0.9247,5d,0.8283,5d,0.8589
E467A2579072D4BC,Black Loops,Sex,120.98,120.98,0.0,0.11,121.0,,True,121,120.966552734375,0.8681318759918213,120.99,2.6233,120.89,12m,12m,2,1m,12m,11m,12m,12m,0.9309,12m,0.9262,12m,0.9182,12m,0.8971,12m,0.8874,12d,0.6623,12m,0.8324
BC40BC3F27B7708E,Marcel Fengler,Jaz,126.0,126.0,0.0,0.07,126.0,,True,126,126.0,1.0,125.98,1.8706,126.05,3d,3d,2,4d,3d,3d,3d,3d,0.8171,4m,0.6709,3d,0.8828,3d,0.8425,3d,0.8631,3d,0.8472,3d,0.8517
8690521330EC8AF3,Halo Varga & Proudly People feat. Mr. V,Trust (Einzelkind & Robin Scholz aka Rhythm Factory - Boogie Down Bronx Remix),126.0,126.0,0.0,0.05,126.0,,True,126,126.0,0.9900000095367432,126.0,2.7857,126.05,1m,1m,2,12m,1m,12m,1m,1m,0.8098,1m,0.8089,1m,0.7814,1m,0.7629,1m,0.7777,1m,0.7054,1m,0.6927
B65843F784D21727,dwig,one for good,97.5,97.5,0.0,0.02,97.5,,True,98,97.5,1.0,97.49,3.3375,97.51,7m,7m,2,7m,7m,7m,7m,7m,0.8328,7m,0.7951,7m,0.8085,7m,0.812,7m,0.7514,6d,0.5361,6m,0.7876
35FF2AC3C03930B3,Axel Boman,Eyes Of My Mind,122.0,122.0,0.0,40.39,122.0,,False,122,121.99169921875,0.9897959232330322,122.42,1.3461,82.03,1d,1d,1,1d,1d,1d,1d,1d,0.8677,2m,0.5726,1d,0.9116,1d,0.9062,1d,0.9441,1d,0.8892,1d,0.8179
9F92A0939862C627,Calibre,Things like This,175.09,175.09,0.0,2.94,175.0,,True,175,175.1999969482422,1.0,172.26,1.8706,87.59,1m,1m,1,1m,1m,12m,1m,1m,0.9597,1m,0.9599,1m,0.9408,1m,0.9252,1m,0.9236,1m,0.7364,1m,0.8822
26F2DF07E1682CD2,Daft Punk,Make Love,133.05,133.05,0.0,1.98,133.1,,True,133,133.0,1.0,134.92,3.3972,132.94,7m,7m,1,7m,7m,7m,7m,7m,0.8602,7m,0.8875,7m,0.8828,7m,0.7713,7m,0.8772,7m,0.7479,6m,0.8511
3DD0D7F9D1E50678,Daniela La Luz,Did You Ever,120.0,120.0,0.0,1.64,120.0,,True,120,120.0,1.0,118.55,2.5189,120.19,1d,1d,1,1d,1d,2m,1d,1m,0.7391,1m,0.7833,1d,0.8416,1d,0.8027,1d,0.8546,1d,0.9536,1d,0.9476
9BAB5CF0098CAE0E,Al Rajul Al Hadidi,Void,97.99,97.99,0.0,0.65,98.0,,True,98,97.97975158691406,0.9849246144294739,97.79,2.5587,98.44,9m,9m,1,9m,9m,9m,9m,9m,0.9135,9m,0.9426,9m,0.8768,9m,0.8279,9m,0.969,8d,0.7622,9m,0.8109
11E443B22327627D,Rework,You're So Just Just,128.2,128.2,0.0,0.61,128.0,,True,128,127.98483276367188,0.9796954393386841,128.59,2.9143,128.4,9d,9d,1,9m,9d,8d,9d,9d,0.8258,9m,0.8336,9d,0.895,9d,0.8948,9d,0.888,9d,0.804,9d,0.8319
5BA2330A0B253778,Ben Pearce,What I Might Do,122.16,122.16,0.0,0.42,122.0,,True,122,121.99169921875,0.9484536051750183,122.41,1.9822,122.32,10m,10m,1,11m,10m,10m,10m,10m,0.8065,10m,0.779,10m,0.8281,10m,0.8119,10m,0.7322,10d,0.5965,10m,0.7364
13A608DB0ADACEA8,Yaeji,Raingurl,128.06,128.06,0.0,0.42,128.0,,True,128,127.98483276367188,0.9545454382896423,128.11,2.2303,128.4,3m,3m,1,3m,3m,3m,3m,3m,0.7572,3m,0.7149,3m,0.6952,3m,0.7515,3m,0.6936,2d,0.557,3m,0.5313
79F08A5A67F3F3C1,Head High,Break Away,128.01,128.01,0.0,0.41,128.0,,False,128,128.02426147460938,0.9189189076423645,127.99,2.1717,128.4,1d,1d,1,2d,1d,1m,1d,1m,0.8073,1m,0.8558,1d,0.8543,1d,0.8193,1m,0.8469,1d,0.8493,1d,0.9391
5DE7922B6C97D58E,Daso,T. Anders,128.0,128.0,0.0,0.4,128.0,,True,128,128.0,1.0,128.01,3.5545,128.4,1d,1d,1,1m,1d,12m,1d,1d,0.7801,1m,0.7633,1d,0.8508,1d,0.827,1d,0.8543,1d,0.8092,1d,0.8769
3F66709677E5FD10,DJ Koze,Pick Up,124.96,124.96,0.0,0.38,124.9,,False,125,125.0,1.0,124.92,3.0787,125.28,12d,12d,1,12d,12d,12d,12d,12d,0.7996,12m,0.6149,12d,0.7874,12d,0.7669,12d,0.8606,12d,0.8607,11d,0.7402
F30FD573AA905C49,Blaze,Lovelee Dae (Original),124.15,124.15,0.0,0.38,124.15,,False,124,124.1602554321289,0.9545454382896423,124.15,3.1146,123.78,11m,11m,1,11m,11m,11m,11m,11m,0.9064,11m,0.8982,11m,0.8836,11m,0.8582,11m,0.8465,11m,0.7046,10m,0.8942
5771C71F6D0F631C,kalupke,deep talk,117.0,117.0,0.0,0.37,117.0,,True,117,117.0,1.0,117.16,3.169,116.79,4m,4m,1,4m,4m,3m,4m,4m,0.9437,4m,0.9099,4m,0.9426,4m,0.9395,4m,0.8509,4m,0.7927,4m,0.827
9A50EE5E8F861935,DJ Boring,Winona,122.0,122.0,0.0,0.36,122.0,,False,122,122.0,1.0,121.96,1.1542,122.32,10m,10m,1,10m,10m,11m,10m,10m,0.8847,10m,0.9033,10m,0.8989,10m,0.8166,10m,0.8743,10d,0.861,10m,0.9472
CA00063A89738F0F,Robag Wruhme,Venq Tolep (Hit Club Version),122.0,122.0,0.0,0.34,122.0,,True,122,122.0,1.0,121.98,2.3458,122.32,2d,2d,1,2d,2d,2d,2d,2d,0.8697,2m,0.7225,2d,0.9275,2d,0.8969,2d,0.8912,2d,0.8343,1d,0.908
971C7032A4AFEEF3,Sofia Kourtesis,Si Te Portas Bonito,122.05,122.05,0.0,0.33,122.0,,True,122,121.99169921875,0.9949748516082764,122.09,2.5191,122.32,4m,4m,1,4m,4m,4m,4m,4m,0.8867,4m,0.9062,4m,0.8852,4m,0.8069,4m,0.889,4d,0.7264,3m,0.8788
71D9D74FF5B5D989,Fred again..,Dermot (See Yourself In My Eyes),150.0,150.0,0.0,0.3,150.0,,False,150,150.0,1.0,150.1,1.449,74.9,1d,1d,1,2d,1d,1d,1d,1d,0.8809,1m,0.6539,1d,0.9381,1d,0.9295,1d,0.9173,1d,0.888,1d,0.9114
4EAEF206AC1D3A00,Ada,Faith,125.01,125.01,0.0,0.29,125.0,,False,125,124.98825073242188,0.9748743772506714,125.02,1.609,125.28,4m,4m,1,4m,4m,4m,4m,4m,0.8569,4m,0.8548,4m,0.8917,4m,0.775,4m,0.9059,4d,0.8334,3d,0.8167
92890EF8F0830116,Ross From Friends,High Energy,128.99,128.99,0.0,0.27,129.0,,True,129,128.9311065673828,0.9900000095367432,128.97,2.4421,129.2,6m,6m,1,6m,6m,6m,6m,6m,0.8408,6m,0.813,6m,0.8166,6m,0.8042,6m,0.8035,6m,0.7355,5m,0.7699
8E94ECE960BCCF63,Fred again..,Kyle (I Found You),111.97,111.97,0.0,0.26,112.0,,False,112,112.0,1.0,111.94,1.4315,111.74,10d,10d,1,11m,10d,10d,10d,10d,0.8329,10m,0.7609,10d,0.8908,10d,0.8679,10d,0.9133,10d,0.9244,10d,0.9
1471A80A7AF81A2B,Meera (NO),No Space,124.0,124.0,0.0,0.23,124.0,,True,124,124.0025405883789,0.9583333134651184,124.01,3.528,123.78,11m,11m,1,11m,11m,12m,11m,11m,0.9023,11m,0.9298,11m,0.9001,11m,0.8215,11m,0.9441,11d,0.8532,11m,0.8966
568D70A4A1CE7A12,Jamie XX,Sleep Sound,118.16,118.16,0.0,0.22,118.2,,False,118,118.2459945678711,0.9682539701461792,118.03,1.2711,118.12,10m,10m,1,10m,10m,10m,10m,10m,0.8799,10m,0.8778,10m,0.8705,10m,0.8129,10m,0.8428,10d,0.7567,9m,0.8892
95ECE6DA1873356A,Dan Ghenacia & Shonky,Close To The Edge (Original Mix),123.98,123.98,0.0,0.22,124.0,,True,124,124.0025405883789,0.9593908190727234,123.97,3.4941,123.78,7m,7m,1,7m,7m,7m,7m,7m,0.9013,7m,0.9133,7m,0.8969,7m,0.8161,7m,0.9082,7d,0.7973,6m,0.9094
39BAACDDD3787B7A,Jacob Mikesh Filburt,At the Ranch (Lauer Remix),116.99,116.99,0.0,0.22,117.0,,True,117,116.98428344726562,0.9591836333274841,117.01,2.1412,116.79,9m,9m,1,10m,9m,9d,9m,9m,0.8294,9m,0.8523,9m,0.8257,9m,0.7738,9m,0.8181,9d,0.7315,9m,0.8986
FF4533FB215CA362,Galcher Lustwerk,Outside the Club,124.0,124.0,0.0,0.22,124.0,,True,124,124.0,1.0,124.0,3.9577,123.78,11d,11d,1,11m,11d,10m,11d,11d,0.8897,11m,0.7222,11d,0.9245,11d,0.9318,11d,0.9259,11d,0.824,11d,0.8014
78334582983C4C88,박혜진 park hye jin,I DON'T CARE,123.94,123.94,0.0,0.22,124.0,,False,124,124.0025405883789,0.6296296119689941,123.87,1.0818,123.78,4m,4m,1,4m,4m,4m,4m,4m,0.9233,4m,0.9055,4m,0.9456,4m,0.9161,4m,0.8778,5m,0.6611,4m,0.8493
1D132A540BB1E3BB,Powel,I Don't Waste My Tears on You,120.0,120.0,0.0,0.22,120.0,,False,120,120.0,1.0,119.97,1.1488,120.19,11m,11m,1,11d,11m,11m,11m,11m,0.8397,11m,0.8815,11d,0.8542,11d,0.8153,11m,0.9237,11d,0.8245,10d,0.9111
2520C1C0F69312D5,Todd Terje,Inspector Norse,119.99,119.99,0.0,0.21,119.98,,True,120,120.0,1.0,119.98,2.7895,120.19,12d,12d,1,12m,12d,12d,12d,12d,0.8582,12m,0.7504,12d,0.9431,12d,0.901,12d,0.8806,12d,0.8152,11d,0.8944
E5EC4C8DDB60F85C,Bonobo feat. O’Flynn,Otomo,126.0,126.0,0.0,0.21,126.0,,True,126,126.0,1.0,125.84,0.861,126.05,2m,2m,1,2m,2m,2m,2m,2m,0.8859,2m,0.8725,2m,0.8822,2m,0.83,2m,0.8309,2d,0.7021,1m,0.9323
15DFBBABCC01DB5B,Arutani,If It Means This Much To You,117.0,117.0,0.0,0.21,117.0,,True,117,117.0,1.0,117.0,1.8218,116.79,2m,2m,1,3m,2m,2m,2m,2m,0.8427,2m,0.8634,2m,0.8438,2m,0.7842,2m,0.8728,2d,0.8336,2m,0.8315
2660F6523C5E5A2E,Akufen,Train To Barcelona,120.03,120.03,0.0,0.21,120.0,,True,120,120.0596923828125,0.8128342032432556,119.98,1.6347,120.19,3d,3d,1,3d,3d,3d,3d,3d,0.9396,3m,0.6726,3d,0.9608,3d,0.9581,3d,0.9725,3d,0.8957,2d,0.8495
C9571F4CEC1ED5F4,Round,Glass,120.0,120.0,0.0,0.21,120.0,,False,120,119.98084259033203,0.989847719669342,119.99,2.4873,120.19,11m,11m,1,11m,11m,11m,11m,11m,0.9063,11m,0.9257,11m,0.892,11m,0.8246,11m,0.944,10d,0.7933,11m,0.8548
BF1C20734E72D671,Norken & Deer,Remember that feeling,120.94,120.94,0.0,0.21,121.0,,True,121,121.0059814453125,0.875,120.8,1.5496,120.89,3m,3m,1,3m,3m,3m,3m,3m,0.8788,3m,0.8595,3m,0.9107,3m,0.8547,4m,0.815,3d,0.7568,3m,0.9281
6E34CB8920673D5A,Leon Vynehall,Time,120.0,120.0,0.0,0.2,119.99,,True,120,120.0,1.0,120.0,3.0628,120.19,4d,4d,1,4m,4d,4m,4d,4d,0.3949,5m,0.3781,4d,0.4797,4d,0.4301,4d,0.4578,4d,0.4861,4d,0.3499
5A9BF3C185DF24EB,DAMH,Black Night,120.01,120.01,0.0,0.19,120.0,,False,120,120.02027130126953,0.9644669890403748,120.03,2.5675,119.84,2m,2m,1,2m,2m,2m,2m,2m,0.8341,2m,0.8205,2m,0.8528,2m,0.7724,2m,0.7742,2d,0.7282,1m,0.9086
FD531212953B9F0D,SILK,Quiver,131.0,131.0,0.0,0.19,131.0,,False,131,131.0,1.0,131.02,1.5309,130.83,8d,8d,1,8d,8d,8d,8d,8d,0.9234,8m,0.6616,8d,0.9127,8d,0.921,8d,0.959,8d,0.8656,7d,0.7942
0309ABE3B1F56439,Daphni,Tin,127.0,127.0,0.0,0.19,127.0,,False,127,127.0,1.0,127.01,2.4205,126.82,1m,1m,1,2m,1m,1m,1m,1m,0.8845,1m,0.9062,1m,0.9025,1m,0.8379,1m,0.8816,1d,0.8028,1m,0.8957
E55678B9533CB189,Fred again..,Tate (How I Feel),125.12,125.12,0.0,0.18,125.1,,False,125,125.0999984741211,1.0,125.14,1.6694,125.28,1d,1d,1,1d,1d,1d,1d,1d,0.8746,1m,0.7237,1d,0.9424,1d,0.8996,1d,0.9435,1d,0.9272,12d,0.9163
74ED830B8CE52CEE,Bicep,Opal (Four Tet Remix),126.96,126.96,0.0,0.18,127.0,,False,127,126.99910736083984,0.9635416269302368,126.92,1.39,126.82,1d,1d,1,1d,1d,1m,1d,1d,0.7844,1m,0.7783,1d,0.8149,1d,0.8191,1m,0.8704,1d,0.7199,12d,0.771
EF8693AB5E7D9420,Barry Can't Swim,Fiorucci Made Me Hardcore,136.92,136.92,0.0,0.17,137.0,,True,137,136.93508911132812,0.9414893388748169,136.83,1.6536,136.9,2m,2m,1,3m,2m,2m,2m,2m,0.8919,2m,0.8803,2m,0.9082,2m,0.8679,2m,0.8029,2d,0.7227,2m,0.9319
596127ABBC0D0ADB,Underworld,Born Slippy (Alma & Mater Edit),118.0,118.0,0.0,0.16,118.0,,True,118,118.00941467285156,0.9949495196342468,117.96,2.7135,118.12,10d,10d,1,10d,10d,10m,10d,10d,0.801,11m,0.6924,10d,0.8707,10d,0.8736,10d,0.8843,10d,0.8779,10d,0.851
B1BB63F715E1025E,Dorothy's Ghost,Never Said Goodbye (Lee Waxman's Long Hot Disco Mix),114.99,114.99,0.0,0.16,115.0,,True,115,114.97342681884766,0.979899525642395,115.0,2.9025,114.84,12m,12m,1,12m,12m,12m,12m,12m,0.8292,12m,0.8279,12m,0.8405,12m,0.7845,12m,0.7547,12d,0.6854,11m,0.8768
07742BC963820C46,Jean Jacques Smoothie,2 People,130.0,130.0,0.0,0.15,130.0,,False,130,129.99566650390625,0.9581151604652405,129.86,2.074,130.01,3m,3m,1,3m,3m,3m,3m,3m,0.9371,3m,0.9463,3m,0.886,3m,0.8752,3m,0.9654,2d,0.7535,3m,0.7919
E0496ABB8A7468B7,DJ Koze,My Grandmotha,118.0,118.0,0.0,0.14,118.01,,False,118,118.0,1.0,117.98,1.2128,118.12,8d,8d,1,8d,8d,8d,8d,9d,0.7157,8m,0.7409,8d,0.8317,8d,0.7736,8d,0.8344,8d,0.9399,8d,0.9863
9D6A87CE6E9C5AEB,Recondite,Felicity,121.0,121.0,0.0,0.12,121.0,,True,121,121.0,1.0,121.01,2.1832,120.89,8m,8m,1,8m,8m,8m,8m,8m,0.9428,8m,0.9506,8m,0.9222,8m,0.879,8m,0.9447,7d,0.716,8m,0.8353
6CDC4C63EAC0C1FC,Nicolas Jaar,Can't See What Is Burning There,107.0,107.0,0.0,0.11,107.0,,True,107,107.00887298583984,0.7872340679168701,107.0,3.5531,107.11,1m,1m,1,1m,1m,1m,1m,1m,0.9,1m,0.8693,1m,0.916,1m,0.9206,1m,0.8047,2m,0.6673,1m,0.8218
FE83082FF58824E7,Ninze,Nice First Song,107.02,107.02,0.0,0.11,107.0,,True,107,107.0,1.0,107.04,2.5968,107.11,10m,10m,1,10m,10m,10m,10m,10m,0.9067,10m,0.8917,10m,0.8754,10m,0.8602,10m,0.8611,10m,0.7565,9m,0.826
DB44FAAD8317917B,Fred again..,Diana (You Don't Even Know),123.03,123.03,0.0,0.09,123.0,,True,123,123.0,1.0,123.09,2.5111,123.05,12m,12m,1,12m,12m,12m,12m,12m,0.9599,12m,0.9699,12m,0.9078,12m,0.9078,12m,0.9817,11d,0.7065,12m,0.787
5AEE4E32856F28B8,The MFA,The Difference It Makes (Superpitcher Mix),126.0,126.0,0.0,0.08,126.0,,False,126,125.9739761352539,0.9949748516082764,125.99,1.6018,126.05,4d,4d,1,5m,4d,4d,4d,4d,0.8232,4m,0.6468,4d,0.8627,4d,0.8477,4d,0.8709,4d,0.8293,4d,0.7918
0145505CEA9F61FF,The Cyclist,Pressing Matters (Robag's Pinvoldex Sull NB),123.01,123.01,0.0,0.07,123.0,,True,123,123.01683044433594,0.9649999737739563,122.98,2.637,123.05,12d,12d,1,12m,12d,12m,12d,12d,0.7964,12m,0.7178,12d,0.8125,12d,0.8437,12d,0.8537,12d,0.7764,11d,0.7229
4300A02512D36A1E,Butch,Dope,123.02,123.02,0.0,0.07,123.0,,False,123,122.97740936279297,0.9800000190734863,123.03,2.897,123.05,7d,7d,1,7m,7d,8m,7d,7d,0.6904,7m,0.7365,7d,0.7684,7d,0.7244,7d,0.8078,7d,0.8609,7d,0.7956
432DDF30DEF0C399,TSHA,Sacred,123.01,123.01,0.0,0.07,123.0,,False,123,123.01683044433594,0.9748743772506714,122.98,2.913,123.05,1m,1m,1,1m,1m,1m,1m,1m,0.8263,1m,0.8357,1m,0.813,1m,0.7433,1m,0.8509,12d,0.7999,1m,0.7942
FF70E3BB9A5FF4F3,Bella Boo,True Romance (Maja Edit),126.01,126.01,0.0,0.06,126.0,,False,126,126.01339721679688,0.9743589758872986,125.99,2.759,126.05,8d,8d,1,8d,8d,9m,8d,8d,0.7415,8m,0.7429,8d,0.8351,8d,0.7888,8d,0.8806,8d,0.9099,8d,0.8404
67779860694F2FA7,Lake People / Llewellyn / Amrint Keen,Cooping - Map.ache Remix,123.0,123.0,0.0,0.06,123.0,,True,123,123.0,1.0,122.99,2.7216,123.05,12m,12m,1,12m,12m,12m,12m,12m,0.8615,12m,0.8464,12m,0.7956,12m,0.8449,12m,0.8084,12m,0.6673,11m,0.7673
9E37ABD9453E8FB0,Overmono,Good Lies,126.03,126.03,0.0,0.05,126.0,,True,126,126.01339721679688,0.9587628841400146,126.04,2.1903,126.05,9m,9m,1,10d,9m,9m,9m,9m,0.8567,9m,0.8453,9m,0.8562,9m,0.8237,9m,0.7692,9d,0.6542,9m,0.8654
C69463D8C96BA3ED,Gorillaz feat. D.R.A.M.,Andromeda (Bonobo Remix),130.0,130.0,0.0,0.04,130.0,,False,130,129.99566650390625,0.9438775181770325,129.97,2.4817,130.01,1m,1m,1,1m,1m,1m,1m,1m,0.8297,1m,0.8453,1m,0.8443,2d,0.7645,1m,0.8277,1d,0.7648,1d,0.9004
E785D78D410B38EC,Agoria,Solarized,121.97,121.97,0.0,0.04,121.98,,True,122,122.0,0.9487179517745972,121.96,2.1993,121.96,12m,12m,1,12m,12m,11m,12m,12m,0.9482,12m,0.9138,12m,0.9401,12m,0.9686,12m,0.8157,12m,0.6606,12m,0.8936
E79D41CCE2731E1C,Isabeau Fort & Kalipo,Sometimes,110.0,110.0,0.0,0.04,110.0,,True,110,110.0,1.0,110.0,2.6359,109.96,1d,1d,1,1m,1d,2m,1d,1d,0.7372,1m,0.7211,1d,0.8331,1d,0.8307,1d,0.857,1d,0.8456,1d,0.8715
216C6CD0D8ED4FF3,Kiasmos,Looped,119.99,119.99,0.0,2.0,120.0,,True,120,119.98084259033203,0.8659793734550476,118.19,1.7734,120.19,11m,11m,0,11m,11m,11m,11m,11m,0.9548,11m,0.9607,11m,0.9326,11m,0.9074,11m,0.9547,11m,0.7332,11m,0.8581
470A1860AEAA1392,Aaron Ahrends,Little Space,120.0,120.0,0.0,1.67,120.0,,True,120,120.0,0.7292817831039429,118.52,1.4865,120.19,12m,12m,0,12m,12m,12m,12m,12m,0.8244,12m,0.8719,12m,0.752,12m,0.7966,12m,0.821,12d,0.6655,12m,0.7773
08F1F5EC326591AD,DJ Koze feat. Apparat,Nices Wölkchen,120.0,120.0,0.0,1.61,120.0,,False,120,120.0,1.0,118.58,1.7433,120.19,8d,8d,0,8d,8d,8d,8d,8m,0.7598,8m,0.8217,8d,0.8341,8d,0.8175,8d,0.8869,8d,0.9368,8d,0.8886
2DA4F000FFE00C9B,Jamie xx,Far Nearer,127.02,127.02,0.0,1.4,127.0,,False,127,127.03854370117188,0.9190751314163208,128.22,1.4178,126.82,1d,1d,0,1m,1d,1m,1d,1m,0.8021,1m,0.8618,1d,0.8819,1d,0.8671,1d,0.9049,1d,0.8904,1d,0.8883
3BA5F56BC7360BBD,Daphni,Cloudy (Kelbin Remix),134.12,134.12,0.0,1.29,134.0,,True,134,134.0173797607422,0.6353591084480286,135.29,1.7296,134.23,3m,3m,0,3m,3m,3m,3m,3m,0.8542,3m,0.8498,3m,0.8555,3m,0.8099,3m,0.7814,3m,0.7691,3m,0.9115
C6A87418766615D8,Dominik Eulberg,Sansula (Max Cooper's Lost In Sound Mix),121.0,121.0,0.0,1.19,121.0,,True,121,121.0059814453125,0.9627659320831299,122.08,2.3101,120.89,1m,1m,0,1m,1m,1m,1m,1m,0.8974,1m,0.9071,1m,0.8937,1m,0.8166,1m,0.9172,1m,0.8204,1m,0.814
92B023E6C70585D7,Midlake,Roscoe (Beyond The Wizard's Sleeve Remix),121.65,121.65,0.0,1.08,121.7,,False,122,121.4002685546875,0.9543147087097168,122.48,2.1433,121.6,6m,6m,0,6d,6m,6m,6m,6m,0.8878,6m,0.9017,6m,0.8992,6m,0.81,6m,0.8981,6d,0.8291,6d,0.907
49FAB4A481EA5430,Cerrone,Supernature,123.09,123.09,0.0,0.96,123.5,,False,123,122.54369354248047,1.0,123.13,3.3447,123.05,10m,10m,0,10m,10m,10m,10m,10m,0.9407,10m,0.9292,10m,0.9491,10m,0.9208,10m,0.8698,10d,0.7099,10m,0.9056
2E19A46A360DA756,Dürerstuben,Trunce Zen Dance,116.06,116.06,0.0,0.91,116.0,,False,116,116.0,1.0,116.91,2.0205,116.13,7m,7m,0,7m,7m,7m,7m,7m,0.8529,7m,0.8702,7m,0.8848,7m,0.7929,7m,0.8582,7d,0.8686,7m,0.9155
2BD39B04738AE3B1,Sofia Kourtesis,Vajkoczy,123.89,123.89,0.0,0.65,124.0,,True,124,124.0025405883789,1.0,123.35,2.1735,123.78,1d,1d,0,1d,1d,1d,1d,1d,0.8675,1m,0.7303,1d,0.8928,1d,0.8969,1d,0.9466,1d,0.891,1d,0.7965
08BD83E96720653E,DJ Koze,Seeing Aliens,118.9,118.9,0.0,0.62,119.0,,True,119,119.0,1.0,118.38,2.4575,118.8,11d,11d,0,11d,11d,11m,11d,11d,0.8104,11m,0.7577,11d,0.9006,11d,0.8582,11d,0.8914,11d,0.9115,11d,0.9558
F1387B1A3E935747,Nightmares On Wax,Les Nuits,94.73,94.73,0.0,0.56,94.64,,True,95,95.0,1.0,94.44,3.3872,94.83,10m,10m,0,10m,10m,10m,10m,10m,0.9301,10m,0.9423,10m,0.9206,10m,0.8562,10m,0.9237,10d,0.8024,10m,0.8689
253B6E3462FB7E7B,Jasper Tygner,Need You (Extended Edit),128.2,128.2,0.0,0.53,128.0,,True,128,127.98483276367188,0.963350772857666,128.51,1.2023,128.4,4m,4m,0,4m,4m,4m,4m,4m,0.8738,4m,0.9061,4m,0.8578,4m,0.8199,4m,0.8965,4d,0.7995,4m,0.8501
5D4E1CBF05F9ABD7,Efdemin,There Will Be Singing (DJ Koze Remix),123.89,123.89,0.0,0.51,124.0,,True,124,124.0419692993164,0.8085106015205383,123.53,1.4771,123.78,1m,1m,0,1m,1m,1m,1m,1m,0.9509,1m,0.9008,1m,0.915,1m,0.958,1m,0.8833,1m,0.6366,1m,0.732
26331470FB5B82FA,Fred again..,Delilah (pull me out of this),134.0,134.0,0.0,0.48,134.0,,False,134,134.0,1.0,133.75,1.8703,134.23,11m,11m,0,11m,11d,11m,11m,11m,0.8418,11m,0.8868,11d,0.8691,11d,0.8187,11m,0.9029,11d,0.9073,11d,0.9378
F7D29E6DDEE800A2,Superpitcher,Tonite,123.89,123.89,0.0,0.45,124.0,,False,124,124.0,0.9800000190734863,123.55,1.8957,123.78,6m,6m,0,6m,6m,6m,6m,6m,0.8878,6m,0.9254,6m,0.8971,6m,0.7915,6m,0.9327,6m,0.8379,6m,0.8704
6CD6B2C532382FBE,Westbam feat. Nena,Oldschool Baby (Piano Mix),130.5,130.5,0.0,0.45,130.5,,False,130,130.5082550048828,0.9795918464660645,130.38,3.0752,130.83,8m,8m,0,8m,8m,8m,8m,8m,0.8076,8m,0.7946,8m,0.8417,8m,0.763,8m,0.7798,8d,0.7725,8d,0.8304
1B657917DDE8715F,Guy Gerber,What To Do (&ME Remix),122.16,122.16,0.0,0.42,122.0,,True,122,121.99169921875,0.9949748516082764,122.41,2.7507,122.32,10m,10m,0,10m,10m,10m,10m,10m,0.7708,10m,0.8193,10m,0.7724,10m,0.6918,10m,0.8272,10d,0.7737,10m,0.7893
7AD780FA846BB6A4,Rival Consoles,Recovery,155.09,155.09,0.0,0.42,155.0,,False,155,155.0327606201172,0.5604395866394043,77.57,1.5061,77.71,4m,4m,0,4m,4m,4m,4m,4m,0.9154,4m,0.9419,4m,0.8809,4m,0.8421,4m,0.9676,4d,0.7442,4m,0.7701
E7B99ED5908B2FB0,Zohra,Badala Zamana,112.42,112.42,0.0,0.42,112.5,,False,112,112.60771942138672,0.9950000047683716,112.19,2.4796,112.35,3m,3m,0,3m,3d,3m,3m,3m,0.7167,3m,0.7659,3d,0.7329,3d,0.7325,3m,0.7644,3d,0.6978,3d,0.7351
A1E58DC6E59B13D7,Caribou,Never Come Back,128.02,128.02,0.0,0.4,128.0,,True,128,128.0,1.0,128.04,3.1982,128.4,12m,12m,0,12m,12m,12m,12m,12m,0.7988,12m,0.8567,12m,0.8076,12d,0.7485,12m,0.8895,12d,0.895,12d,0.8057
52CC025E20F6240D,Caribou,Can't Do Without You,128.18,128.18,0.0,0.4,128.0,,False,128,128.0,1.0,128.35,2.2384,128.4,1d,1d,0,1d,1d,1m,1d,1m,0.7852,1m,0.8408,1d,0.8853,1d,0.8496,1d,0.8782,1d,0.8967,1d,0.9283
8A3CC2B09F9F58EC,Moodymann,Shades Of Jae,120.76,120.76,0.0,0.4,120.6,,False,121,121.0,0.9898989796638489,120.63,3.3871,120.89,11m,11m,0,11m,11m,11m,11m,11m,0.8498,11m,0.8579,11m,0.7997,11m,0.839,11m,0.8381,11m,0.7094,11m,0.637
0575419A2E6CA0A4,Jamie XX feat. Young Thug & Popcaan,I Know There's Gonna Be (Good Times),89.52,89.52,0.0,0.39,89.5,,False,90,89.54206848144531,0.9041916131973267,89.49,1.9436,89.88,3m,3m,0,3m,3m,3m,3m,3m,0.8873,3m,0.8917,3m,0.8765,3m,0.8394,3m,0.8352,3d,0.7351,3m,0.8929
BBE9727E4AD570C5,Fred again..,Bleu (better with time),122.0,122.0,0.0,0.38,122.0,,True,122,122.0,1.0,121.94,1.6623,122.32,6d,6d,0,6d,6d,6m,6d,6d,0.8237,6m,0.8129,6d,0.9196,6d,0.8937,6d,0.9191,6d,0.9319,6d,0.9549
ED01A1377BB828D4,Jayda G,Both of Us,123.87,123.87,0.0,0.38,124.0,,False,124,123.96311950683594,0.9900000095367432,123.62,2.2918,123.78,6d,6d,0,6m,6d,6m,6d,6d,0.7249,6m,0.7675,6d,0.8537,6d,0.8205,6d,0.8371,6d,0.8845,6d,0.9551
4176BE0601188FE8,Closer Musik,Maria,124.23,124.23,0.0,0.38,124.22,,True,124,124.23912048339844,0.9354838728904724,124.15,2.9289,124.53,2m,2m,0,2d,2m,2m,2m,2m,0.8606,2m,0.8964,2m,0.8492,2m,0.7941,2m,0.8981,2d,0.8446,2m,0.831
BDE8DB89E8B52164,Four Tet,Lush,133.01,133.01,0.0,0.37,133.0,,False,133,133.0,1.0,133.02,2.4929,133.37,5m,5m,0,5d,5m,5m,5m,5m,0.8782,5m,0.8947,5m,0.892,5m,0.7962,5m,0.886,5d,0.8705,5d,0.9416
E78372A6A1E071CA,Shingo Nakamura & Kazusa,Move On (Tim Engelhardt Love Mix),124.99,124.99,0.0,0.37,125.0,,True,125,124.98825073242188,0.9646464586257935,124.91,1.5769,125.28,7d,7d,0,7d,7d,7m,7d,7d,0.9123,7m,0.7811,7d,0.9465,7d,0.9512,7d,0.9644,7d,0.8813,7d,0.8419
5F736BC677098D71,DJ Koze feat. Arnim Teutoburg-Weiß und The Düsseldorf Düsterboys,Wie schön du bist,117.01,117.01,0.0,0.36,117.0,,False,117,117.0237045288086,0.9297297596931458,117.15,1.7741,116.79,9m,9m,0,9m,9m,9m,9m,9m,0.904,9m,0.9286,9m,0.8947,9m,0.8082,9m,0.9289,9d,0.8214,9d,0.8877
A86813743D11A6B8,Melanie De Biasio,Afro Blue,102.0,102.0,0.0,0.36,102.0,,False,102,102.00146484375,0.8231707811355591,101.98,2.5243,102.34,1m,1m,0,1m,1m,1m,1m,1m,0.9513,1m,0.9346,1m,0.9649,1m,0.9237,1m,0.8821,1d,0.6909,1m,0.9277
182511C4C27EE861,Herbert,It's Only (DJ Koze Remix),118.0,118.0,0.0,0.36,118.0,,False,118,118.0,1.0,117.76,2.7911,118.12,4m,4m,0,4m,4m,4m,4m,4m,0.9413,4m,0.9319,4m,0.9007,4m,0.9129,4m,0.9069,4m,0.7246,4m,0.7398
B7495B9A8962DA70,Rita Lee & Axel Boman,Lança Perfume (Axel Boman Remix),125.0,125.0,0.0,0.34,125.0,,True,125,125.0,1.0,124.94,2.2679,125.28,3d,3d,0,3d,3d,3d,3d,3d,0.794,3m,0.7104,3d,0.8733,3d,0.8292,3d,0.8469,3d,0.8432,3d,0.9054
08A6CCAE26C23727,Dorisburg,Emotion,122.01,122.01,0.0,0.33,122.0,,True,122,121.99169921875,0.9850000143051147,122.02,2.9501,122.32,1m,1m,0,1m,1m,1m,1m,1m,0.8811,1m,0.9179,1m,0.8918,1m,0.8015,1m,0.94,1d,0.8231,1m,0.8533
3F3162C9AFC5DAD7,Sofia Kourtesis,By Your Side,122.01,122.01,0.0,0.33,122.0,,True,122,121.99169921875,0.9899497628211975,122.02,2.8796,122.32,9m,9m,0,9m,9m,9m,9m,9m,0.9607,9m,0.9575,9m,0.9275,9m,0.9329,9m,0.9082,9m,0.7135,9m,0.8938
2FCE90810D43D250,Keinemusik,What You Expected,122.0,122.0,0.0,0.33,122.0,,True,122,122.0,1.0,121.99,2.7734,122.32,2m,2m,0,2m,2m,2m,2m,2m,0.8912,2m,0.8367,2m,0.848,2m,0.899,2m,0.801,2m,0.6979,2m,0.7101
F451BE37AF8B29B0,Maceo Plex,Your Style (Maceo Plex Re-visit),122.06,122.06,0.0,0.33,122.0,,True,122,121.99169921875,0.9114583730697632,122.12,3.0914,122.32,9m,9m,0,9m,9m,9m,9m,9m,0.909,9m,0.9035,9m,0.8625,9m,0.9029,9m,0.8818,9m,0.6451,9m,0.7399
AA3AEE0E79B9DD66,Voyage,Dynamic,114.98,114.98,0.0,0.33,115.0,,False,115,115.17056274414062,0.9166666865348816,114.97,1.7214,114.84,5m,5m,0,5m,5m,5m,5m,5m,0.8716,5m,0.917,5m,0.8801,5m,0.7759,5m,0.9363,5d,0.8649,5m,0.8682
76230A9587858ECB,Guti,Patio de juegos,122.0,122.0,0.0,0.33,122.0,,True,122,121.99169921875,0.9648240804672241,122.01,3.4203,122.32,3m,3m,0,3m,3m,3m,3m,3m,0.7625,3m,0.7492,3m,0.6798,3m,0.7401,3m,0.7224,3m,0.5963,3m,0.4932
5C8D5C366A147A5F,DJ Phono,Gone,122.0,122.0,0.0,0.33,122.0,,False,122,122.0,1.0,121.99,2.271,122.32,10d,10d,0,10m,10d,10m,10d,10d,0.8272,10m,0.7901,10d,0.8895,10d,0.8821,10d,0.9176,10d,0.917,10d,0.8687
0CD11A830061EC94,Arutani,Any Kind of Magic,117.0,117.0,0.0,0.32,117.0,,True,117,117.0,1.0,117.11,1.8009,116.79,8m,8m,0,8d,8m,8m,8m,8m,0.8809,8m,0.9226,8m,0.9078,8m,0.7774,8m,0.9589,8d,0.8835,8m,0.8805
C401C466C1868D8C,Maya Jane Coles,Humming Bird (Original Mix),124.99,124.99,0.0,0.3,125.0,,True,125,124.98825073242188,0.9750000238418579,124.98,3.2439,125.28,8m,8m,0,8m,8m,8m,8m,8m,0.9294,8m,0.9557,8m,0.9197,8m,0.8814,8m,0.942,8d,0.6998,8m,0.8812
E66658C1D3D21605,Luca Albano,Calinda (Francesco Bonora Remix),125.01,125.01,0.0,0.29,125.0,,True,125,124.98825073242188,0.9679144620895386,125.02,2.8989,125.28,10m,10m,0,10m,10m,10m,10m,10m,0.9308,10m,0.9365,10m,0.889,10m,0.8968,10m,0.9158,10m,0.7009,10m,0.8298
C8BE58D195D42AD0,Daniel Mehlhart,Nebelschwaden,125.0,125.0,0.0,0.29,125.0,,True,125,124.98825073242188,0.9494949579238892,124.99,1.9384,125.28,7m,7m,0,7m,7m,7m,7m,7m,0.8814,7m,0.9306,7m,0.8505,7m,0.7941,7m,0.9169,7d,0.7794,7d,0.8609
BA2C87BDAF8EF848,Robag Wruhme,Calma Calma,125.0,125.0,0.0,0.29,125.0,,True,125,124.98825073242188,1.0,124.99,3.1437,125.28,11m,11m,0,11m,11m,11m,11m,11m,0.8801,11m,0.8885,11m,0.8949,11m,0.8595,11m,0.824,11d,0.7155,11m,0.934
09A7D03CA9302E8D,Bicep,Celeste,125.01,125.01,0.0,0.29,125.0,,True,125,124.98825073242188,0.9346733689308167,125.02,2.9397,125.28,12m,12m,0,12d,12m,12m,12m,12m,0.7974,12m,0.8067,12m,0.823,12d,0.7482,12m,0.8101,12d,0.7977,12d,0.8577
F94EE46059DEC13A,"Joey Negro, Akabu",Another World (Andre Lodemann Mix),125.0,125.0,0.0,0.29,125.0,,True,125,124.98825073242188,0.9274611473083496,125.0,3.1002,125.28,9m,9m,0,9m,9m,9m,9m,9m,0.8527,9m,0.8836,9m,0.8078,9m,0.8275,9m,0.866,9m,0.6788,9m,0.7589
460BACC52EB03A1A,Midland,Through Motion,125.03,125.03,0.0,0.29,125.0,,True,125,124.98825073242188,0.9510869383811951,125.07,1.8324,125.28,2m,2m,0,2m,2m,2m,2m,2m,0.9537,2m,0.9643,2m,0.9077,2m,0.9042,2m,0.9251,2m,0.7536,2m,0.8691
6E8BE67AAA519E71,Gabriel Ananda & Maceo Plex,Solitary Daze (Original Mix),125.0,125.0,0.0,0.29,125.0,,True,125,124.98825073242188,0.9899497628211975,125.01,2.173,125.28,7m,7m,0,7m,7m,7m,7m,7m,0.9709,7m,0.9674,7m,0.9515,7m,0.9346,7m,0.9293,7m,0.6878,7m,0.883
3D049E7DC8D6F93B,Superpitcher,Rabbits In A Hurry (Sascha Funkes JD Is The One Rabbits Remix),125.02,125.02,0.0,0.28,125.0,,True,125,125.0276870727539,0.964102566242218,125.01,2.7996,125.28,3m,3m,0,3m,3m,3m,3m,3m,0.9624,3m,0.9277,3m,0.8963,3m,0.9771,3m,0.8609,3m,0.6216,3m,0.7871
5F59829A39B08FA2,Guti,All The Girls,125.0,125.0,0.0,0.28,125.0,,True,125,125.0,1.0,125.01,3.0284,125.28,1m,1m,0,1m,1m,1m,1m,1m,0.8003,1m,0.8512,1m,0.8583,1m,0.7522,1m,0.8301,1m,0.8693,1m,0.8451
35DC97DB30C08D8A,Andy Pickford,Temple of The Wonklord,111.97,111.97,0.0,0.26,112.0,,False,112,112.0,1.0,111.95,1.1455,111.74,3m,3m,0,3m,3m,3m,3m,3m,0.861,3m,0.8533,3m,0.8713,3m,0.8032,3m,0.8406,3d,0.8019,3m,0.9146
A8349B85981555B6,Frank & Tony feat. Gry,Bring the Sun (Vocal),113.99,113.99,0.0,0.25,114.0,,True,114,113.98771667480469,0.8223350048065186,113.96,2.6011,114.21,1m,1m,0,1m,1d,1m,1m,1m,0.802,1m,0.8573,1d,0.8655,1d,0.8372,1m,0.8898,1d,0.8709,1d,0.9222
0216E09610CF651D,DJ Heartstring,BAE,149.99,149.99,0.0,0.25,150.0,,True,150,149.9859161376953,0.8121827244758606,150.05,3.2916,149.8,1m,1m,0,1m,1m,1m,1m,1m,0.8306,1m,0.8452,1m,0.853,1m,0.7464,1m,0.8407,1d,0.8136,1d,0.9216
A860D8E7612D05CF,Nutia,Backand4,108.0,108.0,0.0,0.24,108.0,,True,108,108.0,1.0,107.99,3.6436,108.23,2m,2m,0,2m,2m,2m,2m,2m,0.9319,2m,0.9038,2m,0.8507,2m,0.9422,2m,0.8528,2m,0.6201,2m,0.6982
DD24B6F784F34BE3,Saâda Bonaire,You Could Be More As You Are,110.18,110.18,0.0,0.24,110.2,,False,110,110.20258331298828,0.9690722227096558,110.16,3.3638,109.96,2m,2m,0,2m,2m,2m,2m,2m,0.9632,2m,0.9604,2m,0.9452,2m,0.9077,2m,0.9548,2d,0.7609,2m,0.8921
1B2B22180EFAB735,Tell,I Lost 200€ In A Club,117.31,117.31,0.0,0.23,117.3,,True,117,117.2208480834961,0.9689119458198547,117.32,2.1726,117.45,8m,8m,0,8m,8m,8m,8m,8m,0.8889,8m,0.896,8m,0.8716,8m,0.8389,8m,0.9189,8d,0.6707,8m,0.6995
5054161723F1344A,Martyn feat. Four Tet,Glassbeadgames,124.0,124.0,0.0,0.23,123.99,,True,124,124.0025405883789,0.9845361113548279,124.01,2.7846,123.78,1m,1m,0,1m,1m,1m,1m,1m,0.9607,1m,0.9582,1m,0.9469,1m,0.9282,1m,0.9213,1d,0.7187,1m,0.8982
18D5700DE4E9EEA8,David August,Epikur,117.98,117.98,0.0,0.23,118.0,,True,118,117.96998596191406,0.8524590134620667,117.89,2.265,118.12,9m,9m,0,9m,9m,9m,9m,9m,0.8758,9m,0.903,9m,0.8318,9m,0.8036,9m,0.9165,9m,0.8216,9m,0.7904
AABC6298806E8E24,Midnight Magic,Beam Me Up (Jacques Renault Remix),117.0,117.0,0.0,0.23,117.0,,False,117,117.0237045288086,0.9540815949440002,117.01,3.4593,116.79,9m,9m,0,9m,9m,9m,9m,9m,0.9795,9m,0.9474,9m,0.9768,9m,0.9731,9m,0.8884,9m,0.6548,9m,0.8702
0D3736BC4A750E53,Kalyma,Tokyo,124.0,124.0,0.0,0.22,124.0,,True,124,124.0025405883789,1.0,123.99,3.0476,123.78,10m,10m,0,10m,10m,10m,10m,10m,0.8918,10m,0.9137,10m,0.8748,10m,0.8161,10m,0.9136,10d,0.7972,10m,0.86
500F6975EB363494,Superpitcher,Tomorrow (Original Mix),94.44,94.44,0.0,0.22,94.5,,False,94,94.54947662353516,0.9459459185600281,94.33,2.0708,94.39,2m,2m,0,2m,2m,2m,2m,2m,0.9405,2m,0.9447,2m,0.9649,2m,0.8855,2m,0.9576,2d,0.7729,2m,0.8766
2FBA7DEDA127FF5C,The XX,On Hold (Jamie xx Remix),128.2,128.2,0.0,0.22,128.2,,True,128,128.1819610595703,0.9800000190734863,128.2,2.0935,128.4,10m,10m,0,10d,10m,10m,10m,10m,0.8593,10m,0.8803,10m,0.8725,10m,0.8098,10m,0.8442,10d,0.7886,10m,0.8851
44A1753F543400D0,Iron Curtis,Lucent (Original Mix),119.0,119.0,0.0,0.22,119.0,,True,119,119.0,1.0,119.02,2.9262,118.8,9m,9m,0,9m,9m,9m,9m,9m,0.9005,9m,0.8983,9m,0.8806,9m,0.8787,9m,0.8294,9d,0.7163,9m,0.9169
6DAAF4207B02893B,Isolée,Allowance,119.99,119.99,0.0,0.22,120.0,,True,120,119.98084259033203,0.7771428823471069,119.97,1.6435,120.19,1m,1m,0,1m,1m,1m,1m,1m,0.8963,1m,0.8909,1m,0.9269,1m,0.846,1m,0.8664,1m,0.7503,1m,0.8837
832A2663B062330B,Rampa,Necessity,120.0,120.0,0.0,0.22,120.0,,True,120,120.0,1.0,119.97,1.0541,120.19,3d,3d,0,3m,3d,3m,3d,3d,0.7332,3m,0.7453,3d,0.7838,3d,0.7665,3d,0.8225,3d,0.7801,3d,0.6797
CBC687708500E950,Dinky,Casa (Axel Boman Dub Mix),124.0,124.0,0.0,0.22,124.0,,True,124,124.0025405883789,0.9644669890403748,124.0,1.639,123.78,7m,7m,0,7m,7m,7m,7m,7m,0.8555,7m,0.9081,7m,0.8105,7m,0.7685,7m,0.9265,7d,0.7594,7m,0.8123
904959D73E2AB42E,Genius Of Time,Sunswell,123.95,123.95,0.0,0.22,124.0,,True,124,123.96311950683594,0.9123711585998535,123.93,2.154,123.78,3d,3d,0,3d,3d,3d,3d,3d,0.8185,3m,0.5738,3d,0.8472,3d,0.8025,3d,0.8902,3d,0.9219,3d,0.8105
08439A02DF1A9AFD,Leon Vynehall,Butterflies,120.0,120.0,0.0,0.21,120.0,,True,120,119.98084259033203,0.9646464586257935,120.0,2.4097,120.19,10m,10m,0,10m,10m,10m,10m,10m,0.911,10m,0.9312,10m,0.9018,10m,0.8524,10m,0.8959,10d,0.8497,10m,0.9315
648232C028DB3900,Joe Stawarz,Bee Bear,119.99,119.99,0.0,0.21,120.0,,True,120,119.98084259033203,0.9285714626312256,119.98,1.8677,120.19,1m,1m,0,1m,1m,1m,1m,1m,0.9553,1m,0.918,1m,0.921,1m,0.9508,1m,0.8669,1m,0.7434,1m,0.7963
4F1A1C84302A5643,"&ME, Black Coffee, Keinemusik",The Rapture Pt.III,120.0,120.0,0.0,0.21,120.0,,True,120,119.98084259033203,0.9800000190734863,119.99,3.354,120.19,1m,1m,0,1m,1m,1m,1m,1m,0.9002,1m,0.8947,1m,0.9366,1m,0.8841,1m,0.8688,1d,0.7077,1m,0.898
D5CDD75C13D0D4F7,Youandewan,Ego,120.0,120.0,0.0,0.21,119.99,,True,120,120.0,1.0,119.98,3.4832,120.19,12m,12m,0,12m,12m,12m,12m,12m,0.8111,12m,0.7735,12m,0.8296,12m,0.7961,12m,0.7467,12m,0.626,12m,0.7627
E1AEA68E27474ED4,John Talabot feat. Pional,So Will Be Now,116.99,116.99,0.0,0.21,117.0,,True,117,116.98428344726562,0.9847716093063354,116.99,2.3311,116.79,9m,9m,0,9m,9m,9m,9m,9m,0.9137,9m,0.9464,9m,0.8844,9m,0.8252,9m,0.9577,9d,0.7836,9m,0.8398
09376D4F66C3C9F0,Dave DK,Jelly Legs,119.99,119.99,0.0,0.21,120.0,,False,120,119.98084259033203,0.9949748516082764,119.98,2.1745,120.19,6m,6m,0,6d,6m,6m,6m,6m,0.8644,6m,0.921,6m,0.8629,6d,0.8021,6m,0.9212,6d,0.8425,6m,0.8851
10CFE3128605CD0C,Shinichi Atobe,Regret,120.0,120.0,0.0,0.21,120.0,,True,120,119.98084259033203,0.9949748516082764,119.99,3.0325,120.19,8m,8m,0,8m,8m,8m,8m,8m,0.8812,8m,0.9003,8m,0.9177,8m,0.8155,8m,0.9263,8d,0.807,8m,0.8876
90DEEA525D379D19,Frankey & Sandrino,Acamar,119.99,119.99,0.0,0.21,120.0,,True,120,119.98084259033203,0.8716577291488647,119.98,2.5955,120.19,1m,1m,0,1m,1m,1m,1m,1m,0.9015,1m,0.9081,1m,0.9462,1m,0.8577,1m,0.8511,1m,0.7252,1m,0.9519
524C9604FC6549AE,KARO,Nachti Opening 2023,129.0,129.0,0.0,0.21,129.0,,True,129,129.0099639892578,0.964102566242218,128.99,2.2755,129.2,8m,8m,0,8m,8m,8m,8m,8m,0.8057,8m,0.8234,8m,0.8247,8d,0.7785,8m,0.8245,8d,0.8355,8d,0.8903
C3D26DBCA5222E6F,Bicep,Just (Original Mix),120.0,120.0,0.0,0.21,120.0,,True,120,119.98084259033203,0.9015544056892395,119.99,2.2834,120.19,12m,12m,0,12m,12m,12m,12m,12m,0.8816,12m,0.898,12m,0.8463,12m,0.8129,12m,0.8897,12m,0.7338,12m,0.7272
A4644980C3C12C92,Daniel Bortz,Boyz 2 Men (Original Mix),120.0,120.0,0.0,0.21,120.0,,False,120,119.98084259033203,0.9744898080825806,120.0,2.4878,120.19,1m,1m,0,1m,1m,1m,1m,1m,0.9837,1m,0.9749,1m,0.9505,1m,0.9604,1m,0.9413,1m,0.7359,1m,0.8679
4C5AA18B64864165,Galcher Lustwerk,Parlay,119.0,119.0,0.0,0.2,119.0,,True,119,119.0,1.0,119.0,2.466,118.8,8m,8m,0,8m,8m,8m,8m,8m,0.8264,8m,0.8339,8m,0.8466,8m,0.787,8m,0.8335,8m,0.7639,8m,0.881
BBE41E3F08F3D454,Luca Musto,Tight Situation,109.0,109.0,0.0,0.2,109.0,,False,109,109.0,1.0,109.0,2.8623,108.8,12m,12m,0,12m,12m,12m,12m,12m,0.9117,12m,0.8701,12m,0.9021,12m,0.9385,12m,0.7823,12m,0.5957,12m,0.8297
9E42D4E97FFAF2DF,Roman Flugel,9 Years (DJ Koze Remix),120.0,120.0,0.0,0.2,120.0,,True,120,120.0,1.0,119.99,3.1676,120.19,9m,9m,0,9m,9m,9m,9m,9m,0.9673,9m,0.9621,9m,0.9875,9m,0.9399,9m,0.923,9m,0.751,9m,0.9264
9C828D054A8A2DFA,Constantijn Lange,Snagsens Delight,93.0,93.0,0.0,0.2,93.0,,True,93,93.0,1.0,92.92,2.2062,93.12,6m,6m,0,6m,6m,6m,6m,6m,0.9681,6m,0.9248,6m,0.9355,6m,0.9805,6m,0.8653,6m,0.567,6m,0.7925
0ABB024F6D478966,Four Tet,Baby,126.91,126.91,0.0,0.2,127.0,,True,127,126.99910736083984,0.8393782377243042,126.8,0.8188,126.82,12m,12m,0,12m,12m,12m,12m,12m,0.8333,12m,0.8573,12m,0.8131,12d,0.7842,12m,0.8461,12d,0.7433,12d,0.8528
D0E6FA29DAF01D26,Agoria,Dust,123.96,123.96,0.0,0.2,123.98,,False,124,123.96311950683594,0.9795918464660645,123.96,2.8558,123.78,10m,10m,0,10m,10m,10m,10m,10m,0.9229,10m,0.8709,10m,0.9141,10m,0.9328,10m,0.8102,10m,0.7161,10m,0.8069
2BD1B49B870E4407,DJ Koze,Buschtaxi (Extended Version),120.02,120.02,0.0,0.19,120.0,,True,120,120.02027130126953,0.989847719669342,120.01,0.9653,120.19,4m,4m,0,4m,4m,4m,4m,4m,0.9677,4m,0.9452,4m,0.9312,4m,0.9417,4m,0.9209,4m,0.7437,4m,0.7908
87DE3E4D500A6326,Les Sins,Grind,120.0,120.0,0.0,0.19,120.0,,True,120,120.0,1.0,120.0,2.7839,120.19,8m,8m,0,8m,8m,8m,8m,8m,0.8626,8m,0.8759,8m,0.9078,8m,0.8063,8m,0.8545,8d,0.8569,8m,0.9404
1E9D8ED92D9F196F,Jayda G,All I Need (DJ-Kicks),120.01,120.01,0.0,0.19,120.0,,True,120,120.0,1.0,120.02,2.3563,120.19,2m,2m,0,2m,2m,2m,2m,2m,0.9712,2m,0.9647,2m,0.9498,2m,0.9223,2m,0.9324,2m,0.7195,2m,0.8917
A9E68047C200943C,Portable feat. L_Cio,Surrender,120.0,120.0,0.0,0.19,120.0,,True,120,120.0,1.0,120.01,3.0391,120.19,3d,3d,0,3d,3d,3d,3d,3d,0.8573,3m,0.7532,3d,0.8879,3d,0.867,3d,0.9359,3d,0.9121,3d,0.8179
10E9296E73907B06,Keinemusik,Muyè,120.0,120.0,0.0,0.19,120.0,,True,120,120.0,1.0,120.01,2.1373,120.19,1m,1m,0,1m,1m,1m,1m,1m,0.9586,1m,0.9775,1m,0.9367,1m,0.9103,1m,0.9696,1m,0.7781,1m,0.838
41A551BAEB36490D,Isolee,I Like It Here Can I Stay,120.01,120.01,0.0,0.19,120.0,,True,120,120.0,1.0,120.02,2.3923,120.19,1m,1m,0,1m,1m,1m,1m,1m,0.9392,1m,0.9189,1m,0.8826,1m,0.9298,1m,0.8761,1m,0.7233,1m,0.7864
3E5774F3F7048483,Jackmate feat. Nik Reiff,Pacemaker,120.0,120.0,0.0,0.19,120.0,,True,120,120.0,1.0,120.0,2.347,120.19,11m,11m,0,11m,11m,11m,11m,11m,0.956,11m,0.9185,11m,0.9049,11m,0.9768,11m,0.8671,11m,0.675,11m,0.7455
8C0909A419F9090F,Leafar Legov,Cenote,120.01,120.01,0.0,0.19,120.0,,True,120,120.02027130126953,0.9736842513084412,120.0,3.1602,120.19,11m,11m,0,11m,11m,11m,11m,11m,0.9644,11m,0.9615,11m,0.9191,11m,0.9389,11m,0.9613,11m,0.645,11m,0.7662
B00486A7A8036839,Jacob Mikesh Filburt,Philipp Dolphia,116.04,116.04,0.0,0.18,116.0,,True,116,116.07742309570312,0.9479768872261047,115.95,1.7362,116.13,7d,7d,0,7d,7d,7m,7d,7m,0.7553,7m,0.824,7d,0.8272,7d,0.8277,7m,0.8317,7d,0.7833,7d,0.837
F288C91BA8E4E5E1,Dntel,(This Is) The Dream of Evan and Chan (Superpitcher Kompakt Remix),126.96,126.96,0.0,0.18,127.0,,False,127,126.99910736083984,1.0,126.92,2.3865,126.82,9m,9m,0,9m,9m,9m,9m,9m,0.8631,9m,0.877,9m,0.8922,9m,0.7933,9m,0.8778,9d,0.8515,9m,0.9045
89B8EE35C2D3A29E,Ross From Friends,Epiphany,126.95,126.95,0.0,0.18,127.0,,True,127,126.99910736083984,0.9130434989929199,126.91,1.1767,126.82,6m,6m,0,6m,6m,6m,6m,6m,0.83,6m,0.836,6m,0.8727,6m,0.7695,6m,0.8594,6d,0.7831,6m,0.8312
2EB10433CAD55948,ELIXIR,Aconite,111.0,111.0,0.0,0.18,111.0,,True,111,111.0,1.0,110.96,2.2294,111.14,9m,9m,0,9m,9m,9m,9m,9m,0.9801,9m,0.9476,9m,0.9786,9m,0.9795,9m,0.8958,9m,0.708,9m,0.8611
55F816AA0CBBEDB0,Grauzone,Raum (ATA's Extended Mix),127.0,127.0,0.0,0.18,127.0,,False,127,127.0,1.0,126.99,2.2857,126.82,1m,1m,0,1m,1m,1m,1m,1m,0.74,1m,0.7362,1m,0.8125,1m,0.6699,1m,0.6987,1d,0.7692,1d,0.8695
963A3D933E88D59E,AURORA,Some Type Of Skin (Sofia Kourtesis Remix),126.91,126.91,0.0,0.18,127.0,,True,127,127.0,0.9850000143051147,126.82,2.202,126.82,10d,10d,0,10d,10d,10d,10d,10d,0.9251,10m,0.6545,10d,0.9551,10d,0.9523,10d,0.965,10d,0.9272,10d,0.9025
42E24D587F0704D8,mytripismytrip,patience,101.94,101.94,0.0,0.17,102.0,,False,102,102.0,1.0,101.89,2.1463,101.83,1m,1m,0,1d,1m,1m,1m,1m,0.9032,1m,0.9203,1m,0.9059,1m,0.8369,1m,0.9157,1d,0.8515,1d,0.8916
540F34976C192B42,Arutani & Faber,Summon Ghosts,114.98,114.98,0.0,0.16,115.0,,True,115,115.0,1.0,114.96,3.1543,114.84,11m,11m,0,11m,11m,11m,11m,11m,0.8224,11m,0.8591,11m,0.8158,11m,0.7206,11m,0.904,11d,0.8664,11m,0.8178
26633170F9D4C17F,WIDE AWAKE,Mint,114.99,114.99,0.0,0.16,115.0,,True,115,115.0,1.0,114.98,2.2525,114.84,2m,2m,0,2m,2m,2m,2m,2m,0.9596,2m,0.9402,2m,0.9251,2m,0.9388,2m,0.9286,2m,0.7218,2m,0.786
4CA015B06EE4512F,Lokke,Tuo Volto,115.0,115.0,0.0,0.16,115.0,,True,115,115.0,1.0,115.0,3.2655,114.84,1d,1d,0,1m,1d,1m,1d,1m,0.7256,1m,0.799,1d,0.7851,1d,0.7781,1d,0.8044,1d,0.788,1d,0.8251
8E85195807BCA9CC,Noir & Haze,Around (Solomun Vox),115.0,115.0,0.0,0.16,115.0,,True,115,115.0,1.0,114.99,3.7226,114.84,9m,9m,0,9m,9m,9m,9m,9m,0.7159,9m,0.7101,9m,0.7506,9m,0.6485,9m,0.7514,9m,0.7688,9m,0.6985
9E9533C576EC74EC,Aphex Twin,Windowlicker,123.03,123.03,0.0,0.16,123.0,,False,123,123.05625915527344,0.9898989796638489,122.9,1.8058,123.05,10m,10m,0,10m,10m,10m,10m,10m,0.9467,10m,0.9685,10m,0.9033,10m,0.8775,10m,0.9757,10m,0.7309,10m,0.8105
EAD59D57121C383B,Ross from Friends,Talk To Me You'll Understand,125.99,125.99,0.0,0.15,126.0,,True,126,125.9739761352539,0.9791666865348816,125.9,1.6835,126.05,5m,5m,0,5m,5m,5m,5m,5m,0.7925,5m,0.8336,5m,0.8184,5m,0.6997,5m,0.8693,5m,0.8438,5m,0.8187
23C40FC63B65D4C1,Talaboman,Loser’s Hymn,118.0,118.0,0.0,0.15,118.0,,True,118,118.00941467285156,0.9521276354789734,117.97,2.1899,118.12,11m,11m,0,11m,11m,11m,11m,11m,0.9516,11m,0.9127,11m,0.9416,11m,0.9573,11m,0.8533,11m,0.7113,11m,0.8922
9C9B74C419ABE945,HNNY,12 00,118.0,118.0,0.0,0.15,118.0,,True,118,117.96998596191406,0.9848484992980957,118.01,3.0059,118.12,9m,9m,0,9m,9m,9m,9m,9m,0.8144,9m,0.8131,9m,0.8733,9m,0.7539,9m,0.7974,9d,0.7736,9m,0.893
523903D4C3E6473D,Against All Logic,Such a Bad Way,111.0,111.0,0.0,0.14,111.0,,True,111,111.0,1.0,111.0,3.5389,111.14,9d,9d,0,9d,9d,9d,9d,9d,0.8317,9m,0.7111,9d,0.9137,9d,0.8814,9d,0.9363,9d,0.9863,9d,0.9291
901AABA21FF35C60,DJ Phono,Knarhcslhük Mi Ttinhcsfua Hcon Ebah Hci,121.0,121.0,0.0,0.14,121.0,,True,121,121.0,1.0,121.03,2.6713,120.89,11m,11m,0,11m,11m,11m,11m,11m,0.9038,11m,0.8846,11m,0.9478,11m,0.8904,11m,0.8479,11m,0.758,11m,0.9166
CD8E3B692D05383C,Hot Natured,Benediction,116.0,116.0,0.0,0.14,116.0,,True,116,116.0,1.0,115.99,3.4127,116.13,1m,1m,0,1m,1m,1m,1m,1m,0.8555,1m,0.8917,1m,0.8505,1m,0.7594,1m,0.8909,1d,0.7961,1d,0.8929
6D27C19FD271582C,Moderat,Bad Kingdom (DJ Koze Remix),118.0,118.0,0.0,0.14,118.0,,True,118,118.0,1.0,117.98,2.7318,118.12,1m,1m,0,1m,1m,1m,1m,1m,0.8943,1m,0.907,1m,0.8988,1m,0.8628,1m,0.8556,1m,0.7764,1m,0.8955
BEBE2BBCBD21B21E,Niju,Idea of Unity,99.97,99.97,0.0,0.14,100.0,,True,100,100.0,1.0,99.93,2.8212,99.86,1m,1m,0,1m,1m,1m,1m,1m,0.9079,1m,0.9502,1m,0.8776,1m,0.8539,1m,0.9578,1m,0.7798,1m,0.8337
1D64C96744B0A29D,Gwilym Gold & Doc Daneeka,Lust For Sale (MGF Mix),121.0,121.0,0.0,0.14,121.0,,True,121,121.0,1.0,121.03,2.9642,120.89,9m,9m,0,9m,9m,9m,9m,9m,0.895,9m,0.9258,9m,0.8653,9m,0.8201,9m,0.9419,9d,0.785,9m,0.8286
485E79B919CFA501,Bicep,Glue (Original Mix),130.0,130.0,0.0,0.13,130.0,,True,130,129.99566650390625,0.7784091234207153,129.88,1.9802,130.01,2m,2m,0,2m,2m,2m,2m,2m,0.8241,2m,0.8456,2m,0.8299,2m,0.7679,2m,0.8149,2d,0.8033,2d,0.8627
50E6A69C3634182A,Daphni,Waiting So Long,133.28,133.28,0.0,0.13,133.3,,True,133,133.2682342529297,0.899470865726471,133.24,2.7298,133.37,4m,4m,0,4m,4m,4m,4m,4m,0.8186,4m,0.8258,4m,0.8571,4m,0.7372,4m,0.7992,4d,0.7872,4m,0.8922
7D2696CC869AC6FE,Map.Ache,Enola (Original Mix),121.0,121.0,0.0,0.12,121.0,,True,121,121.0059814453125,1.0,121.01,3.5594,120.89,1m,1m,0,1m,1m,1m,1m,1m,0.8307,1m,0.8663,1m,0.8117,1m,0.7618,1m,0.8637,1d,0.7941,1m,0.8284
44E9B76691489766,Nhar,Warp 8,121.0,121.0,0.0,0.12,121.0,,True,121,121.0059814453125,0.9949495196342468,121.01,2.9149,120.89,5m,5m,0,5m,5m,5m,5m,5m,0.9056,5m,0.8796,5m,0.9022,5m,0.9227,5m,0.7835,5d,0.5888,5m,0.8827
AEB2CA34ACE1C8B2,Aleksandir,Yamaha,120.94,120.94,0.0,0.12,121.0,,True,121,121.0059814453125,0.9637305736541748,120.89,1.9511,120.89,10m,10m,0,10m,10m,10m,10m,10m,0.9608,10m,0.9488,10m,0.9361,10m,0.9264,10m,0.8968,10m,0.7641,10m,0.8973
F9CCC4AB6B1C5A54,Galcher Lustwerk,I Neva Seen,118.0,118.0,0.0,0.12,118.0,,True,118,118.0,1.0,118.0,3.1229,118.12,9m,9m,0,9m,9m,9m,9m,9m,0.7648,9m,0.8049,9m,0.6927,9m,0.7105,9m,0.7554,9d,0.6799,9m,0.7543
784FE3112B5D8F78,Till von Sein,Love T.K.O.,118.01,118.01,0.0,0.12,118.0,,True,118,118.00941467285156,1.0,118.01,3.207,118.12,1m,1m,0,1d,1m,1m,1m,1m,0.9242,1m,0.9403,1m,0.9287,1m,0.8511,1m,0.9366,1d,0.8159,1m,0.8984
8173F4FAD776BABF,Super Flu,Jo Gurt (DJ Koze Remix),118.0,118.0,0.0,0.12,118.0,,True,118,118.0,1.0,118.0,2.2784,118.12,2d,2d,0,2d,2d,2m,2d,2d,0.8162,2m,0.8467,2d,0.9092,2d,0.8787,2d,0.8848,2d,0.8607,2d,0.9136
E4DC58AA7B1DF31E,Axel Boman,Hello,118.0,118.0,0.0,0.12,118.0,,False,118,118.0,1.0,118.0,2.3693,118.12,11m,11m,0,11m,11m,11m,11m,11m,0.812,11m,0.8348,11m,0.8406,11m,0.7525,11m,0.8133,11d,0.8038,11m,0.8905
4A6173BA6EDA3E17,Panthera Krause,Through My Mind,120.96,120.96,0.0,0.12,121.0,,True,121,121.0059814453125,0.9900000095367432,120.92,1.7253,120.89,9d,9d,0,9d,9d,9d,9d,9d,0.8563,9m,0.7262,9d,0.912,9d,0.893,9d,0.9491,9d,0.9468,9d,0.8728
CE94C1AFB2980B3F,Sailor & I,Tough Love (Aril Brikha Remix),107.02,107.02,0.0,0.11,107.0,,False,107,107.04830932617188,0.8033707737922668,107.0,1.6925,107.11,5d,5d,0,5d,5d,5d,5d,5d,0.849,5m,0.8192,5d,0.912,5d,0.8954,5d,0.9239,5d,0.8929,5d,0.8728
E787A0DD5AA3F688,Nina Simone & HONNE,My Baby Just Cares For Me (HONNE Remix),126.0,126.0,0.0,0.08,126.0,,False,126,125.9739761352539,0.9795918464660645,126.0,2.1904,126.05,11d,11d,0,11d,11d,11d,11d,11d,0.8574,11m,0.7782,11d,0.9445,11d,0.9067,11d,0.942,11d,0.9514,11d,0.9301
5ADCCB53D961D8BC,Cinthie,Together (Original),122.99,122.99,0.0,0.08,123.0,,True,123,122.97740936279297,0.9849246144294739,122.97,2.7855,123.05,5d,5d,0,5m,5d,5d,5d,5m,0.819,5m,0.879,5d,0.8036,5d,0.7841,5m,0.8858,5d,0.762,5d,0.8339
DFBA85DD41B77838,Logic1000,Fused (DJ - Kicks),97.98,97.98,0.0,0.07,98.0,,True,98,98.01918029785156,0.9899497628211975,97.95,1.9472,97.97,4m,4m,0,4m,4m,4m,4m,4m,0.9154,4m,0.9157,4m,0.9116,4m,0.8537,4m,0.8823,4d,0.6922,4m,0.8214
264E28DED667C5BD,Rezident,Echoes,123.0,123.0,0.0,0.07,123.0,,True,123,123.0,1.0,122.98,1.8509,123.05,12m,12m,0,12m,12m,12m,12m,12m,0.9356,12m,0.9518,12m,0.901,12m,0.8774,12m,0.9156,12d,0.7679,12m,0.857
5ADAE87D89FC969B,Soulful Session & Lynn Lockamy,Hostile Takeover,126.0,126.0,0.0,0.07,126.0,,False,126,126.0,1.0,125.98,2.7766,126.05,1m,1m,0,1m,1m,1m,1m,1m,0.869,1m,0.9003,1m,0.9031,1m,0.7855,1m,0.8889,1d,0.8442,1d,0.9184
FE30DE191A52F53D,Phonique feat. Erlend Øye,For The Time Being,123.0,123.0,0.0,0.07,123.0,,True,123,122.97740936279297,0.979899525642395,123.0,2.1521,123.05,4m,4m,0,4m,4m,4m,4m,4m,0.9069,4m,0.9389,4m,0.8822,4m,0.8574,4m,0.8728,4m,0.74,4m,0.9381
5141F49D0DFBA52A,DJ Koze,Blume Der Nacht (Original Mix),123.0,123.0,0.0,0.07,123.0,,True,123,122.97740936279297,1.0,123.0,2.6413,123.05,10m,10m,0,10m,10m,10m,10m,10m,0.8954,10m,0.8913,10m,0.8678,10m,0.9119,10m,0.8108,10m,0.6682,10m,0.808
248D72C9CCB20056,DJ Seinfeld,U (Original Mix),126.01,126.01,0.0,0.06,126.0,,False,126,126.01339721679688,0.8984771370887756,125.99,2.4529,126.05,10d,10d,0,10d,10d,10d,10d,10d,0.9302,10m,0.74,10d,0.9535,10d,0.9623,10d,0.9635,10d,0.8683,10d,0.84
7F38B0F7244C2BDF,Gold Panda,Black Voices,123.0,123.0,0.0,0.06,123.0,,True,123,123.0,1.0,122.99,2.7527,123.05,1m,1m,0,1m,1m,1m,1m,1m,0.7826,1m,0.8626,1d,0.7702,1d,0.7892,1m,0.9041,1d,0.7337,1m,0.7552
91EB327D3516EA59,Fünf Sterne Deluxe,Schund (Super Flu’s No Champier Mix),123.01,123.01,0.0,0.06,123.0,,True,123,123.01683044433594,0.9700000286102295,122.99,2.6291,123.05,10m,10m,0,10m,10m,10m,10m,10m,0.9793,10m,0.9635,10m,0.9461,10m,0.9626,10m,0.9009,10m,0.7426,10m,0.8816
17B4330D61A5C815,Isaac Tichauer,Higher Level (Bicep Remix),123.01,123.01,0.0,0.06,123.0,,True,123,123.01683044433594,0.989847719669342,122.99,2.9179,123.05,11m,11m,0,11m,11m,11m,11m,11m,0.9145,11m,0.8691,11m,0.8587,11m,0.933,11m,0.8363,11m,0.626,11m,0.6675
E869256769BD027D,Panthera Krause,Heppy,123.01,123.01,0.0,0.05,123.0,,True,123,123.01683044433594,0.9845361113548279,123.0,2.9033,123.05,7m,7m,0,7m,7m,7m,7m,7m,0.9593,7m,0.9601,7m,0.9212,7m,0.9307,7m,0.9398,7m,0.6809,7m,0.8563
5CD77C179587250F,Youandewan,1988 (Original Mix),123.01,123.01,0.0,0.05,123.0,,True,123,123.01683044433594,0.9795918464660645,123.0,1.4339,123.05,4m,4m,0,4m,4m,4m,4m,4m,0.9136,4m,0.9465,4m,0.8802,4m,0.8218,4m,0.9775,4d,0.7749,4m,0.8173
CD5FECFC9CDE127D,Joeski feat. Jesánte,How Do I Go On,123.0,123.0,0.0,0.05,123.0,,True,123,123.0,1.0,123.0,2.86,123.05,3m,3m,0,3m,3m,3m,3m,3m,0.9328,3m,0.9011,3m,0.913,3m,0.9214,3m,0.8433,3m,0.7539,3m,0.8413
4037FE4D70AB3631,Kings of Tomorrow feat. April,Fall for You (Sandy Rivera's Classic Mix),123.0,123.0,0.0,0.05,123.0,,False,123,123.0,1.0,123.01,3.2134,123.05,11m,11m,0,11m,11m,11m,11m,11m,0.8769,11m,0.8845,11m,0.9072,11m,0.8212,11m,0.8393,11d,0.836,11m,0.9608
EF2F94C0D2372251,Ray Mang,Look Into My Eyes,110.0,110.0,0.0,0.05,110.0,,False,110,110.00543975830078,0.8152173757553101,109.99,3.9024,109.96,9m,9m,0,9m,9m,9m,9m,9m,0.9416,9m,0.9312,9m,0.9447,9m,0.89,9m,0.9217,9d,0.7542,9m,0.8534
50A022C2E70C901B,Magnetic Family,Ode,126.01,126.01,0.0,0.05,126.0,,True,126,126.01339721679688,0.9644669890403748,126.01,2.7619,126.05,1d,1d,0,1d,1d,1d,1d,1d,0.8839,1m,0.6671,1d,0.9154,1d,0.9241,1d,0.9694,1d,0.913,1d,0.8561
7CB565F0DF8F5339,Gregor Schwellenbach feat. Christian Buck,Superpitcher’s Tomorrow,93.97,93.97,0.0,0.04,94.0,,False,94,93.95805358886719,0.7842105627059937,93.98,3.0204,93.96,2d,2d,0,2d,2d,2m,2d,2d,0.7676,2m,0.8033,2d,0.8221,2d,0.7982,2d,0.8804,2d,0.8827,2d,0.7743
ED5428EECDCCB5DC,Behling and Simpson,Left Behind,113.0,113.0,0.0,0.04,113.0,,True,113,113.00199890136719,1.0,112.99,2.8858,112.96,2m,2m,0,2m,2m,2m,2m,2m,0.9305,2m,0.9506,2m,0.9114,2m,0.8722,2m,0.9478,2d,0.7758,2m,0.9031
A866C9C0960E60E6,Superpitcher,Little Raver (Original Mix),110.0,110.0,0.0,0.04,110.0,,False,110,110.0,1.0,109.99,2.3655,109.96,10m,10m,0,10m,10m,10m,10m,10m,0.9647,10m,0.9827,10m,0.9498,10m,0.9033,10m,0.9567,10m,0.7687,10m,0.9107
180C143AC2928700,Pavla & Noura,Don't Owe Me a Thing,94.0,94.0,0.0,0.04,94.0,,False,94,94.0,,93.99,1.5103,93.96,12d,12d,0,12d,12d,12m,12d,12d,0.7562,12m,0.7391,12d,0.8602,12d,0.8285,12d,0.8644,12d,0.8915,12d,0.8892
452361605135D100,Mosley Jr,My Friend Steve,109.98,109.98,0.0,0.04,110.0,,False,110,109.96600341796875,0.9244186282157898,110.0,1.3507,109.96,11m,11m,0,11m,11m,11m,11m,11m,0.9218,11m,0.9146,11m,0.922,11m,0.9007,11m,0.8743,11m,0.7736,11m,0.9083
24CC869366EA91D0,Toro y Moi,Rose Quartz,109.98,109.98,0.0,0.04,110.0,,True,110,109.96600341796875,0.9844560027122498,109.99,2.9699,109.96,10m,10m,0,10m,10m,10m,10m,10m,0.8753,10m,0.8822,10m,0.8956,10m,0.8038,10m,0.8617,10d,0.805,10m,0.9169
E88EE00C7D621D56,Fred again..,Danielle (smile on my face),130.0,130.0,0.0,0.02,130.0,,True,130,130.0,1.0,130.02,1.6315,130.01,12d,12d,0,12m,12d,12d,12d,12m,0.8107,12m,0.8759,12d,0.8828,12d,0.8616,12m,0.8982,12d,0.8925,12d,0.897
BE8BB320C4206697,Nils Frahm,Familiar (Original Mix),130.0,130.0,0.0,0.02,130.0,,False,130,129.99566650390625,0.9492385387420654,129.99,1.5329,130.01,7m,7m,0,7m,7m,7m,7m,7m,0.95,7m,0.9533,7m,0.9324,7m,0.912,7m,0.9132,7d,0.7321,7m,0.9322
7F339AAC12FC35D1,Tom Bioly,Street Beat (Map.ache Remix),128.0,128.0,0.0,0.01,128.0,,True,128,128.0,0.9898989796638489,127.99,2.1445,128.0,11m,11m,0,11m,11m,11m,11m,11m,0.959,11m,0.947,11m,0.9443,11m,0.9387,11m,0.9149,11m,0.7596,11m,0.8524
